time,state,new_state,total_cost
8,"[0, 0, 0]","[0, 5, 0]",2890.726966381989
8,"[0, 0, 5]","[0, 5, 5]",2890.726966381989
8,"[0, 0, 10]","[0, 5, 10]",2890.726966381989
8,"[0, 0, 15]","[0, 5, 15]",2890.726966381989
8,"[0, 0, 20]","[0, 5, 20]",2890.726966381989
8,"[0, 5, 0]","[0, 10, 0]",2890.726966381989
8,"[0, 5, 5]","[0, 10, 5]",2890.726966381989
8,"[0, 5, 10]","[0, 10, 10]",2890.726966381989
8,"[0, 5, 15]","[0, 10, 15]",2890.726966381989
8,"[0, 5, 20]","[0, 10, 20]",2890.726966381989
8,"[0, 10, 0]","[0, 0, 0]",-578.0
8,"[0, 10, 5]","[0, 0, 5]",-578.0
8,"[0, 10, 10]","[0, 0, 10]",-578.0
8,"[0, 10, 15]","[0, 0, 15]",-578.0
8,"[0, 10, 20]","[0, 0, 20]",-578.0
8,"[0, 15, 0]","[0, 5, 0]",-578.0
8,"[0, 15, 5]","[0, 5, 5]",-578.0
8,"[0, 15, 10]","[0, 5, 10]",-578.0
8,"[0, 15, 15]","[0, 5, 15]",-578.0
8,"[0, 15, 20]","[0, 5, 20]",-578.0
8,"[0, 20, 0]","[0, 10, 0]",-578.0
8,"[0, 20, 5]","[0, 10, 5]",-578.0
8,"[0, 20, 10]","[0, 10, 10]",-578.0
8,"[0, 20, 15]","[0, 10, 15]",-578.0
8,"[0, 20, 20]","[0, 10, 20]",-578.0
8,"[5, 0, 0]","[5, 5, 0]",2890.726966381989
8,"[5, 0, 5]","[5, 5, 5]",2890.726966381989
8,"[5, 0, 10]","[5, 5, 10]",2890.726966381989
8,"[5, 0, 15]","[5, 5, 15]",2890.726966381989
8,"[5, 0, 20]","[5, 5, 20]",2890.726966381989
8,"[5, 5, 0]","[5, 10, 0]",2890.726966381989
8,"[5, 5, 5]","[5, 10, 5]",2890.726966381989
8,"[5, 5, 10]","[5, 10, 10]",2890.726966381989
8,"[5, 5, 15]","[5, 10, 15]",2890.726966381989
8,"[5, 5, 20]","[5, 10, 20]",2890.726966381989
8,"[5, 10, 0]","[5, 0, 0]",-578.0
8,"[5, 10, 5]","[5, 0, 5]",-578.0
8,"[5, 10, 10]","[5, 0, 10]",-578.0
8,"[5, 10, 15]","[5, 0, 15]",-578.0
8,"[5, 10, 20]","[5, 0, 20]",-578.0
8,"[5, 15, 0]","[5, 5, 0]",-578.0
8,"[5, 15, 5]","[5, 5, 5]",-578.0
8,"[5, 15, 10]","[5, 5, 10]",-578.0
8,"[5, 15, 15]","[5, 5, 15]",-578.0
8,"[5, 15, 20]","[5, 5, 20]",-578.0
8,"[5, 20, 0]","[5, 10, 0]",-578.0
8,"[5, 20, 5]","[5, 10, 5]",-578.0
8,"[5, 20, 10]","[5, 10, 10]",-578.0
8,"[5, 20, 15]","[5, 10, 15]",-578.0
8,"[5, 20, 20]","[5, 10, 20]",-578.0
8,"[10, 0, 0]","[10, 5, 0]",2890.726966381989
8,"[10, 0, 5]","[10, 5, 5]",2890.726966381989
8,"[10, 0, 10]","[10, 5, 10]",2890.726966381989
8,"[10, 0, 15]","[10, 5, 15]",2890.726966381989
8,"[10, 0, 20]","[10, 5, 20]",2890.726966381989
8,"[10, 5, 0]","[10, 10, 0]",2890.726966381989
8,"[10, 5, 5]","[10, 10, 5]",2890.726966381989
8,"[10, 5, 10]","[10, 10, 10]",2890.726966381989
8,"[10, 5, 15]","[10, 10, 15]",2890.726966381989
8,"[10, 5, 20]","[10, 10, 20]",2890.726966381989
8,"[10, 10, 0]","[10, 0, 0]",-578.0
8,"[10, 10, 5]","[10, 0, 5]",-578.0
8,"[10, 10, 10]","[10, 0, 10]",-578.0
8,"[10, 10, 15]","[10, 0, 15]",-578.0
8,"[10, 10, 20]","[10, 0, 20]",-578.0
8,"[10, 15, 0]","[10, 5, 0]",-578.0
8,"[10, 15, 5]","[10, 5, 5]",-578.0
8,"[10, 15, 10]","[10, 5, 10]",-578.0
8,"[10, 15, 15]","[10, 5, 15]",-578.0
8,"[10, 15, 20]","[10, 5, 20]",-578.0
8,"[10, 20, 0]","[10, 10, 0]",-578.0
8,"[10, 20, 5]","[10, 10, 5]",-578.0
8,"[10, 20, 10]","[10, 10, 10]",-578.0
8,"[10, 20, 15]","[10, 10, 15]",-578.0
8,"[10, 20, 20]","[10, 10, 20]",-578.0
8,"[15, 0, 0]","[15, 5, 0]",2890.726966381989
8,"[15, 0, 5]","[15, 5, 5]",2890.726966381989
8,"[15, 0, 10]","[15, 5, 10]",2890.726966381989
8,"[15, 0, 15]","[15, 5, 15]",2890.726966381989
8,"[15, 0, 20]","[15, 5, 20]",2890.726966381989
8,"[15, 5, 0]","[15, 10, 0]",2890.726966381989
8,"[15, 5, 5]","[15, 10, 5]",2890.726966381989
8,"[15, 5, 10]","[15, 10, 10]",2890.726966381989
8,"[15, 5, 15]","[15, 10, 15]",2890.726966381989
8,"[15, 5, 20]","[15, 10, 20]",2890.726966381989
8,"[15, 10, 0]","[15, 0, 0]",-578.0
8,"[15, 10, 5]","[15, 0, 5]",-578.0
8,"[15, 10, 10]","[15, 0, 10]",-578.0
8,"[15, 10, 15]","[15, 0, 15]",-578.0
8,"[15, 10, 20]","[15, 0, 20]",-578.0
8,"[15, 15, 0]","[15, 5, 0]",-578.0
8,"[15, 15, 5]","[15, 5, 5]",-578.0
8,"[15, 15, 10]","[15, 5, 10]",-578.0
8,"[15, 15, 15]","[15, 5, 15]",-578.0
8,"[15, 15, 20]","[15, 5, 20]",-578.0
8,"[15, 20, 0]","[15, 10, 0]",-578.0
8,"[15, 20, 5]","[15, 10, 5]",-578.0
8,"[15, 20, 10]","[15, 10, 10]",-578.0
8,"[15, 20, 15]","[15, 10, 15]",-578.0
8,"[15, 20, 20]","[15, 10, 20]",-578.0
8,"[20, 0, 0]","[20, 5, 0]",2890.726966381989
8,"[20, 0, 5]","[20, 5, 5]",2890.726966381989
8,"[20, 0, 10]","[20, 5, 10]",2890.726966381989
8,"[20, 0, 15]","[20, 5, 15]",2890.726966381989
8,"[20, 0, 20]","[20, 5, 20]",2890.726966381989
8,"[20, 5, 0]","[20, 10, 0]",2890.726966381989
8,"[20, 5, 5]","[20, 10, 5]",2890.726966381989
8,"[20, 5, 10]","[20, 10, 10]",2890.726966381989
8,"[20, 5, 15]","[20, 10, 15]",2890.726966381989
8,"[20, 5, 20]","[20, 10, 20]",2890.726966381989
8,"[20, 10, 0]","[20, 0, 0]",-578.0
8,"[20, 10, 5]","[20, 0, 5]",-578.0
8,"[20, 10, 10]","[20, 0, 10]",-578.0
8,"[20, 10, 15]","[20, 0, 15]",-578.0
8,"[20, 10, 20]","[20, 0, 20]",-578.0
8,"[20, 15, 0]","[20, 5, 0]",-578.0
8,"[20, 15, 5]","[20, 5, 5]",-578.0
8,"[20, 15, 10]","[20, 5, 10]",-578.0
8,"[20, 15, 15]","[20, 5, 15]",-578.0
8,"[20, 15, 20]","[20, 5, 20]",-578.0
8,"[20, 20, 0]","[20, 10, 0]",-578.0
8,"[20, 20, 5]","[20, 10, 5]",-578.0
8,"[20, 20, 10]","[20, 10, 10]",-578.0
8,"[20, 20, 15]","[20, 10, 15]",-578.0
8,"[20, 20, 20]","[20, 10, 20]",-578.0
9,"[0, 0, 0]","[5, 0, 5]",5781.876253177015
9,"[0, 0, 5]","[5, 0, 10]",5781.876253177015
9,"[0, 0, 10]","[5, 0, 0]",2312.9381265885077
9,"[0, 0, 15]","[5, 0, 5]",2312.9381265885077
9,"[0, 0, 20]","[5, 0, 10]",2312.9381265885077
9,"[0, 5, 0]","[5, 5, 5]",5781.876253177015
9,"[0, 5, 5]","[5, 5, 10]",5781.876253177015
9,"[0, 5, 10]","[5, 5, 0]",2312.9381265885077
9,"[0, 5, 15]","[5, 5, 5]",2312.9381265885077
9,"[0, 5, 20]","[5, 5, 10]",2312.9381265885077
9,"[0, 10, 0]","[5, 10, 5]",5781.876253177015
9,"[0, 10, 5]","[5, 10, 10]",5781.876253177015
9,"[0, 10, 10]","[5, 10, 0]",2312.9381265885077
9,"[0, 10, 15]","[5, 10, 5]",2312.9381265885077
9,"[0, 10, 20]","[5, 10, 10]",2312.9381265885077
9,"[0, 15, 0]","[5, 15, 5]",5781.876253177015
9,"[0, 15, 5]","[5, 15, 10]",5781.876253177015
9,"[0, 15, 10]","[5, 15, 0]",2312.9381265885077
9,"[0, 15, 15]","[5, 15, 5]",2312.9381265885077
9,"[0, 15, 20]","[5, 15, 10]",2312.9381265885077
9,"[0, 20, 0]","[5, 20, 5]",5781.876253177015
9,"[0, 20, 5]","[5, 20, 10]",5781.876253177015
9,"[0, 20, 10]","[5, 20, 0]",2312.9381265885077
9,"[0, 20, 15]","[5, 20, 5]",2312.9381265885077
9,"[0, 20, 20]","[5, 20, 10]",2312.9381265885077
9,"[5, 0, 0]","[10, 0, 5]",5781.876253177015
9,"[5, 0, 5]","[10, 0, 10]",5781.876253177015
9,"[5, 0, 10]","[10, 0, 0]",2312.9381265885077
9,"[5, 0, 15]","[10, 0, 5]",2312.9381265885077
9,"[5, 0, 20]","[10, 0, 10]",2312.9381265885077
9,"[5, 5, 0]","[10, 5, 5]",5781.876253177015
9,"[5, 5, 5]","[10, 5, 10]",5781.876253177015
9,"[5, 5, 10]","[10, 5, 0]",2312.9381265885077
9,"[5, 5, 15]","[10, 5, 5]",2312.9381265885077
9,"[5, 5, 20]","[10, 5, 10]",2312.9381265885077
9,"[5, 10, 0]","[10, 10, 5]",5781.876253177015
9,"[5, 10, 5]","[10, 10, 10]",5781.876253177015
9,"[5, 10, 10]","[10, 10, 0]",2312.9381265885077
9,"[5, 10, 15]","[10, 10, 5]",2312.9381265885077
9,"[5, 10, 20]","[10, 10, 10]",2312.9381265885077
9,"[5, 15, 0]","[10, 15, 5]",5781.876253177015
9,"[5, 15, 5]","[10, 15, 10]",5781.876253177015
9,"[5, 15, 10]","[10, 15, 0]",2312.9381265885077
9,"[5, 15, 15]","[10, 15, 5]",2312.9381265885077
9,"[5, 15, 20]","[10, 15, 10]",2312.9381265885077
9,"[5, 20, 0]","[10, 20, 5]",5781.876253177015
9,"[5, 20, 5]","[10, 20, 10]",5781.876253177015
9,"[5, 20, 10]","[10, 20, 0]",2312.9381265885077
9,"[5, 20, 15]","[10, 20, 5]",2312.9381265885077
9,"[5, 20, 20]","[10, 20, 10]",2312.9381265885077
9,"[10, 0, 0]","[0, 0, 5]",2312.9381265885077
9,"[10, 0, 5]","[0, 0, 10]",2312.9381265885077
9,"[10, 0, 10]","[0, 0, 0]",-1156.0
9,"[10, 0, 15]","[0, 0, 5]",-1156.0
9,"[10, 0, 20]","[0, 0, 10]",-1156.0
9,"[10, 5, 0]","[0, 5, 5]",2312.9381265885077
9,"[10, 5, 5]","[0, 5, 10]",2312.9381265885077
9,"[10, 5, 10]","[0, 5, 0]",-1156.0
9,"[10, 5, 15]","[0, 5, 5]",-1156.0
9,"[10, 5, 20]","[0, 5, 10]",-1156.0
9,"[10, 10, 0]","[0, 10, 5]",2312.9381265885077
9,"[10, 10, 5]","[0, 10, 10]",2312.9381265885077
9,"[10, 10, 10]","[0, 10, 0]",-1156.0
9,"[10, 10, 15]","[0, 10, 5]",-1156.0
9,"[10, 10, 20]","[0, 10, 10]",-1156.0
9,"[10, 15, 0]","[0, 15, 5]",2312.9381265885077
9,"[10, 15, 5]","[0, 15, 10]",2312.9381265885077
9,"[10, 15, 10]","[0, 15, 0]",-1156.0
9,"[10, 15, 15]","[0, 15, 5]",-1156.0
9,"[10, 15, 20]","[0, 15, 10]",-1156.0
9,"[10, 20, 0]","[0, 20, 5]",2312.9381265885077
9,"[10, 20, 5]","[0, 20, 10]",2312.9381265885077
9,"[10, 20, 10]","[0, 20, 0]",-1156.0
9,"[10, 20, 15]","[0, 20, 5]",-1156.0
9,"[10, 20, 20]","[0, 20, 10]",-1156.0
9,"[15, 0, 0]","[5, 0, 5]",2312.9381265885077
9,"[15, 0, 5]","[5, 0, 10]",2312.9381265885077
9,"[15, 0, 10]","[5, 0, 0]",-1156.0
9,"[15, 0, 15]","[5, 0, 5]",-1156.0
9,"[15, 0, 20]","[5, 0, 10]",-1156.0
9,"[15, 5, 0]","[5, 5, 5]",2312.9381265885077
9,"[15, 5, 5]","[5, 5, 10]",2312.9381265885077
9,"[15, 5, 10]","[5, 5, 0]",-1156.0
9,"[15, 5, 15]","[5, 5, 5]",-1156.0
9,"[15, 5, 20]","[5, 5, 10]",-1156.0
9,"[15, 10, 0]","[5, 10, 5]",2312.9381265885077
9,"[15, 10, 5]","[5, 10, 10]",2312.9381265885077
9,"[15, 10, 10]","[5, 10, 0]",-1156.0
9,"[15, 10, 15]","[5, 10, 5]",-1156.0
9,"[15, 10, 20]","[5, 10, 10]",-1156.0
9,"[15, 15, 0]","[5, 15, 5]",2312.9381265885077
9,"[15, 15, 5]","[5, 15, 10]",2312.9381265885077
9,"[15, 15, 10]","[5, 15, 0]",-1156.0
9,"[15, 15, 15]","[5, 15, 5]",-1156.0
9,"[15, 15, 20]","[5, 15, 10]",-1156.0
9,"[15, 20, 0]","[5, 20, 5]",2312.9381265885077
9,"[15, 20, 5]","[5, 20, 10]",2312.9381265885077
9,"[15, 20, 10]","[5, 20, 0]",-1156.0
9,"[15, 20, 15]","[5, 20, 5]",-1156.0
9,"[15, 20, 20]","[5, 20, 10]",-1156.0
9,"[20, 0, 0]","[10, 0, 5]",2312.9381265885077
9,"[20, 0, 5]","[10, 0, 10]",2312.9381265885077
9,"[20, 0, 10]","[10, 0, 0]",-1156.0
9,"[20, 0, 15]","[10, 0, 5]",-1156.0
9,"[20, 0, 20]","[10, 0, 10]",-1156.0
9,"[20, 5, 0]","[10, 5, 5]",2312.9381265885077
9,"[20, 5, 5]","[10, 5, 10]",2312.9381265885077
9,"[20, 5, 10]","[10, 5, 0]",-1156.0
9,"[20, 5, 15]","[10, 5, 5]",-1156.0
9,"[20, 5, 20]","[10, 5, 10]",-1156.0
9,"[20, 10, 0]","[10, 10, 5]",2312.9381265885077
9,"[20, 10, 5]","[10, 10, 10]",2312.9381265885077
9,"[20, 10, 10]","[10, 10, 0]",-1156.0
9,"[20, 10, 15]","[10, 10, 5]",-1156.0
9,"[20, 10, 20]","[10, 10, 10]",-1156.0
9,"[20, 15, 0]","[10, 15, 5]",2312.9381265885077
9,"[20, 15, 5]","[10, 15, 10]",2312.9381265885077
9,"[20, 15, 10]","[10, 15, 0]",-1156.0
9,"[20, 15, 15]","[10, 15, 5]",-1156.0
9,"[20, 15, 20]","[10, 15, 10]",-1156.0
9,"[20, 20, 0]","[10, 20, 5]",2312.9381265885077
9,"[20, 20, 5]","[10, 20, 10]",2312.9381265885077
9,"[20, 20, 10]","[10, 20, 0]",-1156.0
9,"[20, 20, 15]","[10, 20, 5]",-1156.0
9,"[20, 20, 20]","[10, 20, 10]",-1156.0
10,"[0, 0, 0]","[5, 0, 5]",4337.379442878877
10,"[0, 0, 5]","[5, 0, 10]",4337.379442878877
10,"[0, 0, 10]","[5, 0, 0]",868.1897214394385
10,"[0, 0, 15]","[5, 0, 5]",868.1897214394385
10,"[0, 0, 20]","[5, 0, 10]",868.1897214394385
10,"[0, 5, 0]","[5, 5, 5]",4337.379442878877
10,"[0, 5, 5]","[5, 5, 10]",4337.379442878877
10,"[0, 5, 10]","[5, 5, 0]",868.1897214394385
10,"[0, 5, 15]","[5, 5, 5]",868.1897214394385
10,"[0, 5, 20]","[5, 5, 10]",868.1897214394385
10,"[0, 10, 0]","[5, 10, 5]",4337.379442878877
10,"[0, 10, 5]","[5, 10, 10]",4337.379442878877
10,"[0, 10, 10]","[5, 10, 0]",868.1897214394385
10,"[0, 10, 15]","[5, 10, 5]",868.1897214394385
10,"[0, 10, 20]","[5, 10, 10]",868.1897214394385
10,"[0, 15, 0]","[5, 15, 5]",4337.379442878877
10,"[0, 15, 5]","[5, 15, 10]",4337.379442878877
10,"[0, 15, 10]","[5, 15, 0]",868.1897214394385
10,"[0, 15, 15]","[5, 15, 5]",868.1897214394385
10,"[0, 15, 20]","[5, 15, 10]",868.1897214394385
10,"[0, 20, 0]","[5, 20, 5]",4337.379442878877
10,"[0, 20, 5]","[5, 20, 10]",4337.379442878877
10,"[0, 20, 10]","[5, 20, 0]",868.1897214394385
10,"[0, 20, 15]","[5, 20, 5]",868.1897214394385
10,"[0, 20, 20]","[5, 20, 10]",868.1897214394385
10,"[5, 0, 0]","[0, 0, 5]",2602.1897214394385
10,"[5, 0, 5]","[0, 0, 10]",2602.1897214394385
10,"[5, 0, 10]","[0, 0, 0]",-867.0
10,"[5, 0, 15]","[0, 0, 5]",-867.0
10,"[5, 0, 20]","[0, 0, 10]",-867.0
10,"[5, 5, 0]","[0, 5, 5]",2602.1897214394385
10,"[5, 5, 5]","[0, 5, 10]",2602.1897214394385
10,"[5, 5, 10]","[0, 5, 0]",-867.0
10,"[5, 5, 15]","[0, 5, 5]",-867.0
10,"[5, 5, 20]","[0, 5, 10]",-867.0
10,"[5, 10, 0]","[0, 10, 5]",2602.1897214394385
10,"[5, 10, 5]","[0, 10, 10]",2602.1897214394385
10,"[5, 10, 10]","[0, 10, 0]",-867.0
10,"[5, 10, 15]","[0, 10, 5]",-867.0
10,"[5, 10, 20]","[0, 10, 10]",-867.0
10,"[5, 15, 0]","[0, 15, 5]",2602.1897214394385
10,"[5, 15, 5]","[0, 15, 10]",2602.1897214394385
10,"[5, 15, 10]","[0, 15, 0]",-867.0
10,"[5, 15, 15]","[0, 15, 5]",-867.0
10,"[5, 15, 20]","[0, 15, 10]",-867.0
10,"[5, 20, 0]","[0, 20, 5]",2602.1897214394385
10,"[5, 20, 5]","[0, 20, 10]",2602.1897214394385
10,"[5, 20, 10]","[0, 20, 0]",-867.0
10,"[5, 20, 15]","[0, 20, 5]",-867.0
10,"[5, 20, 20]","[0, 20, 10]",-867.0
10,"[10, 0, 0]","[5, 0, 5]",2602.1897214394385
10,"[10, 0, 5]","[5, 0, 10]",2602.1897214394385
10,"[10, 0, 10]","[5, 0, 0]",-867.0
10,"[10, 0, 15]","[5, 0, 5]",-867.0
10,"[10, 0, 20]","[5, 0, 10]",-867.0
10,"[10, 5, 0]","[5, 5, 5]",2602.1897214394385
10,"[10, 5, 5]","[5, 5, 10]",2602.1897214394385
10,"[10, 5, 10]","[5, 5, 0]",-867.0
10,"[10, 5, 15]","[5, 5, 5]",-867.0
10,"[10, 5, 20]","[5, 5, 10]",-867.0
10,"[10, 10, 0]","[5, 10, 5]",2602.1897214394385
10,"[10, 10, 5]","[5, 10, 10]",2602.1897214394385
10,"[10, 10, 10]","[5, 10, 0]",-867.0
10,"[10, 10, 15]","[5, 10, 5]",-867.0
10,"[10, 10, 20]","[5, 10, 10]",-867.0
10,"[10, 15, 0]","[5, 15, 5]",2602.1897214394385
10,"[10, 15, 5]","[5, 15, 10]",2602.1897214394385
10,"[10, 15, 10]","[5, 15, 0]",-867.0
10,"[10, 15, 15]","[5, 15, 5]",-867.0
10,"[10, 15, 20]","[5, 15, 10]",-867.0
10,"[10, 20, 0]","[5, 20, 5]",2602.1897214394385
10,"[10, 20, 5]","[5, 20, 10]",2602.1897214394385
10,"[10, 20, 10]","[5, 20, 0]",-867.0
10,"[10, 20, 15]","[5, 20, 5]",-867.0
10,"[10, 20, 20]","[5, 20, 10]",-867.0
10,"[15, 0, 0]","[10, 0, 5]",2602.1897214394385
10,"[15, 0, 5]","[10, 0, 10]",2602.1897214394385
10,"[15, 0, 10]","[10, 0, 0]",-867.0
10,"[15, 0, 15]","[10, 0, 5]",-867.0
10,"[15, 0, 20]","[10, 0, 10]",-867.0
10,"[15, 5, 0]","[10, 5, 5]",2602.1897214394385
10,"[15, 5, 5]","[10, 5, 10]",2602.1897214394385
10,"[15, 5, 10]","[10, 5, 0]",-867.0
10,"[15, 5, 15]","[10, 5, 5]",-867.0
10,"[15, 5, 20]","[10, 5, 10]",-867.0
10,"[15, 10, 0]","[10, 10, 5]",2602.1897214394385
10,"[15, 10, 5]","[10, 10, 10]",2602.1897214394385
10,"[15, 10, 10]","[10, 10, 0]",-867.0
10,"[15, 10, 15]","[10, 10, 5]",-867.0
10,"[15, 10, 20]","[10, 10, 10]",-867.0
10,"[15, 15, 0]","[10, 15, 5]",2602.1897214394385
10,"[15, 15, 5]","[10, 15, 10]",2602.1897214394385
10,"[15, 15, 10]","[10, 15, 0]",-867.0
10,"[15, 15, 15]","[10, 15, 5]",-867.0
10,"[15, 15, 20]","[10, 15, 10]",-867.0
10,"[15, 20, 0]","[10, 20, 5]",2602.1897214394385
10,"[15, 20, 5]","[10, 20, 10]",2602.1897214394385
10,"[15, 20, 10]","[10, 20, 0]",-867.0
10,"[15, 20, 15]","[10, 20, 5]",-867.0
10,"[15, 20, 20]","[10, 20, 10]",-867.0
10,"[20, 0, 0]","[15, 0, 5]",2602.1897214394385
10,"[20, 0, 5]","[15, 0, 10]",2602.1897214394385
10,"[20, 0, 10]","[15, 0, 0]",-867.0
10,"[20, 0, 15]","[15, 0, 5]",-867.0
10,"[20, 0, 20]","[15, 0, 10]",-867.0
10,"[20, 5, 0]","[15, 5, 5]",2602.1897214394385
10,"[20, 5, 5]","[15, 5, 10]",2602.1897214394385
10,"[20, 5, 10]","[15, 5, 0]",-867.0
10,"[20, 5, 15]","[15, 5, 5]",-867.0
10,"[20, 5, 20]","[15, 5, 10]",-867.0
10,"[20, 10, 0]","[15, 10, 5]",2602.1897214394385
10,"[20, 10, 5]","[15, 10, 10]",2602.1897214394385
10,"[20, 10, 10]","[15, 10, 0]",-867.0
10,"[20, 10, 15]","[15, 10, 5]",-867.0
10,"[20, 10, 20]","[15, 10, 10]",-867.0
10,"[20, 15, 0]","[15, 15, 5]",2602.1897214394385
10,"[20, 15, 5]","[15, 15, 10]",2602.1897214394385
10,"[20, 15, 10]","[15, 15, 0]",-867.0
10,"[20, 15, 15]","[15, 15, 5]",-867.0
10,"[20, 15, 20]","[15, 15, 10]",-867.0
10,"[20, 20, 0]","[15, 20, 5]",2602.1897214394385
10,"[20, 20, 5]","[15, 20, 10]",2602.1897214394385
10,"[20, 20, 10]","[15, 20, 0]",-867.0
10,"[20, 20, 15]","[15, 20, 5]",-867.0
10,"[20, 20, 20]","[15, 20, 10]",-867.0
11,"[0, 0, 0]","[5, 5, 5]",5810.104186976153
11,"[0, 0, 5]","[5, 5, 0]",4066.069457984102
11,"[0, 0, 10]","[5, 5, 5]",4066.069457984102
11,"[0, 0, 15]","[5, 5, 10]",4066.069457984102
11,"[0, 0, 20]","[5, 5, 15]",4066.069457984102
11,"[0, 5, 0]","[5, 10, 5]",5810.104186976153
11,"[0, 5, 5]","[5, 10, 0]",4066.069457984102
11,"[0, 5, 10]","[5, 10, 5]",4066.069457984102
11,"[0, 5, 15]","[5, 10, 10]",4066.069457984102
11,"[0, 5, 20]","[5, 10, 15]",4066.069457984102
11,"[0, 10, 0]","[5, 0, 5]",2332.0694579841015
11,"[0, 10, 5]","[5, 0, 0]",588.0347289920508
11,"[0, 10, 10]","[5, 0, 5]",588.0347289920508
11,"[0, 10, 15]","[5, 0, 10]",588.0347289920508
11,"[0, 10, 20]","[5, 0, 15]",588.0347289920508
11,"[0, 15, 0]","[5, 5, 5]",2332.0694579841015
11,"[0, 15, 5]","[5, 5, 0]",588.0347289920508
11,"[0, 15, 10]","[5, 5, 5]",588.0347289920508
11,"[0, 15, 15]","[5, 5, 10]",588.0347289920508
11,"[0, 15, 20]","[5, 5, 15]",588.0347289920508
11,"[0, 20, 0]","[5, 10, 5]",2332.0694579841015
11,"[0, 20, 5]","[5, 10, 0]",588.0347289920508
11,"[0, 20, 10]","[5, 10, 5]",588.0347289920508
11,"[0, 20, 15]","[5, 10, 10]",588.0347289920508
11,"[0, 20, 20]","[5, 10, 15]",588.0347289920508
11,"[5, 0, 0]","[0, 5, 5]",4066.069457984102
11,"[5, 0, 5]","[0, 5, 0]",2322.0347289920514
11,"[5, 0, 10]","[0, 5, 5]",2322.0347289920514
11,"[5, 0, 15]","[0, 5, 10]",2322.0347289920514
11,"[5, 0, 20]","[0, 5, 15]",2322.0347289920514
11,"[5, 5, 0]","[0, 10, 5]",4066.069457984102
11,"[5, 5, 5]","[0, 10, 0]",2322.0347289920514
11,"[5, 5, 10]","[0, 10, 5]",2322.0347289920514
11,"[5, 5, 15]","[0, 10, 10]",2322.0347289920514
11,"[5, 5, 20]","[0, 10, 15]",2322.0347289920514
11,"[5, 10, 0]","[0, 0, 5]",588.0347289920508
11,"[5, 10, 5]","[0, 0, 0]",-1156.0
11,"[5, 10, 10]","[0, 0, 5]",-1156.0
11,"[5, 10, 15]","[0, 0, 10]",-1156.0
11,"[5, 10, 20]","[0, 0, 15]",-1156.0
11,"[5, 15, 0]","[0, 5, 5]",588.0347289920508
11,"[5, 15, 5]","[0, 5, 0]",-1156.0
11,"[5, 15, 10]","[0, 5, 5]",-1156.0
11,"[5, 15, 15]","[0, 5, 10]",-1156.0
11,"[5, 15, 20]","[0, 5, 15]",-1156.0
11,"[5, 20, 0]","[0, 10, 5]",588.0347289920508
11,"[5, 20, 5]","[0, 10, 0]",-1156.0
11,"[5, 20, 10]","[0, 10, 5]",-1156.0
11,"[5, 20, 15]","[0, 10, 10]",-1156.0
11,"[5, 20, 20]","[0, 10, 15]",-1156.0
11,"[10, 0, 0]","[5, 5, 5]",4066.069457984102
11,"[10, 0, 5]","[5, 5, 0]",2322.0347289920514
11,"[10, 0, 10]","[5, 5, 5]",2322.0347289920514
11,"[10, 0, 15]","[5, 5, 10]",2322.0347289920514
11,"[10, 0, 20]","[5, 5, 15]",2322.0347289920514
11,"[10, 5, 0]","[5, 10, 5]",4066.069457984102
11,"[10, 5, 5]","[5, 10, 0]",2322.0347289920514
11,"[10, 5, 10]","[5, 10, 5]",2322.0347289920514
11,"[10, 5, 15]","[5, 10, 10]",2322.0347289920514
11,"[10, 5, 20]","[5, 10, 15]",2322.0347289920514
11,"[10, 10, 0]","[5, 0, 5]",588.0347289920508
11,"[10, 10, 5]","[5, 0, 0]",-1156.0
11,"[10, 10, 10]","[5, 0, 5]",-1156.0
11,"[10, 10, 15]","[5, 0, 10]",-1156.0
11,"[10, 10, 20]","[5, 0, 15]",-1156.0
11,"[10, 15, 0]","[5, 5, 5]",588.0347289920508
11,"[10, 15, 5]","[5, 5, 0]",-1156.0
11,"[10, 15, 10]","[5, 5, 5]",-1156.0
11,"[10, 15, 15]","[5, 5, 10]",-1156.0
11,"[10, 15, 20]","[5, 5, 15]",-1156.0
11,"[10, 20, 0]","[5, 10, 5]",588.0347289920508
11,"[10, 20, 5]","[5, 10, 0]",-1156.0
11,"[10, 20, 10]","[5, 10, 5]",-1156.0
11,"[10, 20, 15]","[5, 10, 10]",-1156.0
11,"[10, 20, 20]","[5, 10, 15]",-1156.0
11,"[15, 0, 0]","[10, 5, 5]",4066.069457984102
11,"[15, 0, 5]","[10, 5, 0]",2322.0347289920514
11,"[15, 0, 10]","[10, 5, 5]",2322.0347289920514
11,"[15, 0, 15]","[10, 5, 10]",2322.0347289920514
11,"[15, 0, 20]","[10, 5, 15]",2322.0347289920514
11,"[15, 5, 0]","[10, 10, 5]",4066.069457984102
11,"[15, 5, 5]","[10, 10, 0]",2322.0347289920514
11,"[15, 5, 10]","[10, 10, 5]",2322.0347289920514
11,"[15, 5, 15]","[10, 10, 10]",2322.0347289920514
11,"[15, 5, 20]","[10, 10, 15]",2322.0347289920514
11,"[15, 10, 0]","[10, 0, 5]",588.0347289920508
11,"[15, 10, 5]","[10, 0, 0]",-1156.0
11,"[15, 10, 10]","[10, 0, 5]",-1156.0
11,"[15, 10, 15]","[10, 0, 10]",-1156.0
11,"[15, 10, 20]","[10, 0, 15]",-1156.0
11,"[15, 15, 0]","[10, 5, 5]",588.0347289920508
11,"[15, 15, 5]","[10, 5, 0]",-1156.0
11,"[15, 15, 10]","[10, 5, 5]",-1156.0
11,"[15, 15, 15]","[10, 5, 10]",-1156.0
11,"[15, 15, 20]","[10, 5, 15]",-1156.0
11,"[15, 20, 0]","[10, 10, 5]",588.0347289920508
11,"[15, 20, 5]","[10, 10, 0]",-1156.0
11,"[15, 20, 10]","[10, 10, 5]",-1156.0
11,"[15, 20, 15]","[10, 10, 10]",-1156.0
11,"[15, 20, 20]","[10, 10, 15]",-1156.0
11,"[20, 0, 0]","[15, 5, 5]",4066.069457984102
11,"[20, 0, 5]","[15, 5, 0]",2322.0347289920514
11,"[20, 0, 10]","[15, 5, 5]",2322.0347289920514
11,"[20, 0, 15]","[15, 5, 10]",2322.0347289920514
11,"[20, 0, 20]","[15, 5, 15]",2322.0347289920514
11,"[20, 5, 0]","[15, 10, 5]",4066.069457984102
11,"[20, 5, 5]","[15, 10, 0]",2322.0347289920514
11,"[20, 5, 10]","[15, 10, 5]",2322.0347289920514
11,"[20, 5, 15]","[15, 10, 10]",2322.0347289920514
11,"[20, 5, 20]","[15, 10, 15]",2322.0347289920514
11,"[20, 10, 0]","[15, 0, 5]",588.0347289920508
11,"[20, 10, 5]","[15, 0, 0]",-1156.0
11,"[20, 10, 10]","[15, 0, 5]",-1156.0
11,"[20, 10, 15]","[15, 0, 10]",-1156.0
11,"[20, 10, 20]","[15, 0, 15]",-1156.0
11,"[20, 15, 0]","[15, 5, 5]",588.0347289920508
11,"[20, 15, 5]","[15, 5, 0]",-1156.0
11,"[20, 15, 10]","[15, 5, 5]",-1156.0
11,"[20, 15, 15]","[15, 5, 10]",-1156.0
11,"[20, 15, 20]","[15, 5, 15]",-1156.0
11,"[20, 20, 0]","[15, 10, 5]",588.0347289920508
11,"[20, 20, 5]","[15, 10, 0]",-1156.0
11,"[20, 20, 10]","[15, 10, 5]",-1156.0
11,"[20, 20, 15]","[15, 10, 10]",-1156.0
11,"[20, 20, 20]","[15, 10, 15]",-1156.0
12,"[0, 0, 0]","[0, 5, 5]",5985.168017206825
12,"[0, 0, 5]","[0, 5, 10]",5985.168017206825
12,"[0, 0, 10]","[0, 5, 0]",2414.5840086034127
12,"[0, 0, 15]","[0, 5, 5]",2414.5840086034127
12,"[0, 0, 20]","[0, 5, 10]",2414.5840086034127
12,"[0, 5, 0]","[0, 10, 5]",5985.168017206825
12,"[0, 5, 5]","[0, 10, 10]",5985.168017206825
12,"[0, 5, 10]","[0, 10, 0]",2414.5840086034127
12,"[0, 5, 15]","[0, 10, 5]",2414.5840086034127
12,"[0, 5, 20]","[0, 10, 10]",2414.5840086034127
12,"[0, 10, 0]","[0, 0, 5]",2414.5840086034127
12,"[0, 10, 5]","[0, 0, 10]",2414.5840086034127
12,"[0, 10, 10]","[0, 0, 0]",-1156.0
12,"[0, 10, 15]","[0, 0, 5]",-1156.0
12,"[0, 10, 20]","[0, 0, 10]",-1156.0
12,"[0, 15, 0]","[0, 5, 5]",2414.5840086034127
12,"[0, 15, 5]","[0, 5, 10]",2414.5840086034127
12,"[0, 15, 10]","[0, 5, 0]",-1156.0
12,"[0, 15, 15]","[0, 5, 5]",-1156.0
12,"[0, 15, 20]","[0, 5, 10]",-1156.0
12,"[0, 20, 0]","[0, 10, 5]",2414.5840086034127
12,"[0, 20, 5]","[0, 10, 10]",2414.5840086034127
12,"[0, 20, 10]","[0, 10, 0]",-1156.0
12,"[0, 20, 15]","[0, 10, 5]",-1156.0
12,"[0, 20, 20]","[0, 10, 10]",-1156.0
12,"[5, 0, 0]","[5, 5, 5]",5985.168017206825
12,"[5, 0, 5]","[5, 5, 10]",5985.168017206825
12,"[5, 0, 10]","[5, 5, 0]",2414.5840086034127
12,"[5, 0, 15]","[5, 5, 5]",2414.5840086034127
12,"[5, 0, 20]","[5, 5, 10]",2414.5840086034127
12,"[5, 5, 0]","[5, 10, 5]",5985.168017206825
12,"[5, 5, 5]","[5, 10, 10]",5985.168017206825
12,"[5, 5, 10]","[5, 10, 0]",2414.5840086034127
12,"[5, 5, 15]","[5, 10, 5]",2414.5840086034127
12,"[5, 5, 20]","[5, 10, 10]",2414.5840086034127
12,"[5, 10, 0]","[5, 0, 5]",2414.5840086034127
12,"[5, 10, 5]","[5, 0, 10]",2414.5840086034127
12,"[5, 10, 10]","[5, 0, 0]",-1156.0
12,"[5, 10, 15]","[5, 0, 5]",-1156.0
12,"[5, 10, 20]","[5, 0, 10]",-1156.0
12,"[5, 15, 0]","[5, 5, 5]",2414.5840086034127
12,"[5, 15, 5]","[5, 5, 10]",2414.5840086034127
12,"[5, 15, 10]","[5, 5, 0]",-1156.0
12,"[5, 15, 15]","[5, 5, 5]",-1156.0
12,"[5, 15, 20]","[5, 5, 10]",-1156.0
12,"[5, 20, 0]","[5, 10, 5]",2414.5840086034127
12,"[5, 20, 5]","[5, 10, 10]",2414.5840086034127
12,"[5, 20, 10]","[5, 10, 0]",-1156.0
12,"[5, 20, 15]","[5, 10, 5]",-1156.0
12,"[5, 20, 20]","[5, 10, 10]",-1156.0
12,"[10, 0, 0]","[10, 5, 5]",5985.168017206825
12,"[10, 0, 5]","[10, 5, 10]",5985.168017206825
12,"[10, 0, 10]","[10, 5, 0]",2414.5840086034127
12,"[10, 0, 15]","[10, 5, 5]",2414.5840086034127
12,"[10, 0, 20]","[10, 5, 10]",2414.5840086034127
12,"[10, 5, 0]","[10, 10, 5]",5985.168017206825
12,"[10, 5, 5]","[10, 10, 10]",5985.168017206825
12,"[10, 5, 10]","[10, 10, 0]",2414.5840086034127
12,"[10, 5, 15]","[10, 10, 5]",2414.5840086034127
12,"[10, 5, 20]","[10, 10, 10]",2414.5840086034127
12,"[10, 10, 0]","[10, 0, 5]",2414.5840086034127
12,"[10, 10, 5]","[10, 0, 10]",2414.5840086034127
12,"[10, 10, 10]","[10, 0, 0]",-1156.0
12,"[10, 10, 15]","[10, 0, 5]",-1156.0
12,"[10, 10, 20]","[10, 0, 10]",-1156.0
12,"[10, 15, 0]","[10, 5, 5]",2414.5840086034127
12,"[10, 15, 5]","[10, 5, 10]",2414.5840086034127
12,"[10, 15, 10]","[10, 5, 0]",-1156.0
12,"[10, 15, 15]","[10, 5, 5]",-1156.0
12,"[10, 15, 20]","[10, 5, 10]",-1156.0
12,"[10, 20, 0]","[10, 10, 5]",2414.5840086034127
12,"[10, 20, 5]","[10, 10, 10]",2414.5840086034127
12,"[10, 20, 10]","[10, 10, 0]",-1156.0
12,"[10, 20, 15]","[10, 10, 5]",-1156.0
12,"[10, 20, 20]","[10, 10, 10]",-1156.0
12,"[15, 0, 0]","[15, 5, 5]",5985.168017206825
12,"[15, 0, 5]","[15, 5, 10]",5985.168017206825
12,"[15, 0, 10]","[15, 5, 0]",2414.5840086034127
12,"[15, 0, 15]","[15, 5, 5]",2414.5840086034127
12,"[15, 0, 20]","[15, 5, 10]",2414.5840086034127
12,"[15, 5, 0]","[15, 10, 5]",5985.168017206825
12,"[15, 5, 5]","[15, 10, 10]",5985.168017206825
12,"[15, 5, 10]","[15, 10, 0]",2414.5840086034127
12,"[15, 5, 15]","[15, 10, 5]",2414.5840086034127
12,"[15, 5, 20]","[15, 10, 10]",2414.5840086034127
12,"[15, 10, 0]","[15, 0, 5]",2414.5840086034127
12,"[15, 10, 5]","[15, 0, 10]",2414.5840086034127
12,"[15, 10, 10]","[15, 0, 0]",-1156.0
12,"[15, 10, 15]","[15, 0, 5]",-1156.0
12,"[15, 10, 20]","[15, 0, 10]",-1156.0
12,"[15, 15, 0]","[15, 5, 5]",2414.5840086034127
12,"[15, 15, 5]","[15, 5, 10]",2414.5840086034127
12,"[15, 15, 10]","[15, 5, 0]",-1156.0
12,"[15, 15, 15]","[15, 5, 5]",-1156.0
12,"[15, 15, 20]","[15, 5, 10]",-1156.0
12,"[15, 20, 0]","[15, 10, 5]",2414.5840086034127
12,"[15, 20, 5]","[15, 10, 10]",2414.5840086034127
12,"[15, 20, 10]","[15, 10, 0]",-1156.0
12,"[15, 20, 15]","[15, 10, 5]",-1156.0
12,"[15, 20, 20]","[15, 10, 10]",-1156.0
12,"[20, 0, 0]","[20, 5, 5]",5985.168017206825
12,"[20, 0, 5]","[20, 5, 10]",5985.168017206825
12,"[20, 0, 10]","[20, 5, 0]",2414.5840086034127
12,"[20, 0, 15]","[20, 5, 5]",2414.5840086034127
12,"[20, 0, 20]","[20, 5, 10]",2414.5840086034127
12,"[20, 5, 0]","[20, 10, 5]",5985.168017206825
12,"[20, 5, 5]","[20, 10, 10]",5985.168017206825
12,"[20, 5, 10]","[20, 10, 0]",2414.5840086034127
12,"[20, 5, 15]","[20, 10, 5]",2414.5840086034127
12,"[20, 5, 20]","[20, 10, 10]",2414.5840086034127
12,"[20, 10, 0]","[20, 0, 5]",2414.5840086034127
12,"[20, 10, 5]","[20, 0, 10]",2414.5840086034127
12,"[20, 10, 10]","[20, 0, 0]",-1156.0
12,"[20, 10, 15]","[20, 0, 5]",-1156.0
12,"[20, 10, 20]","[20, 0, 10]",-1156.0
12,"[20, 15, 0]","[20, 5, 5]",2414.5840086034127
12,"[20, 15, 5]","[20, 5, 10]",2414.5840086034127
12,"[20, 15, 10]","[20, 5, 0]",-1156.0
12,"[20, 15, 15]","[20, 5, 5]",-1156.0
12,"[20, 15, 20]","[20, 5, 10]",-1156.0
12,"[20, 20, 0]","[20, 10, 5]",2414.5840086034127
12,"[20, 20, 5]","[20, 10, 10]",2414.5840086034127
12,"[20, 20, 10]","[20, 10, 0]",-1156.0
12,"[20, 20, 15]","[20, 10, 5]",-1156.0
12,"[20, 20, 20]","[20, 10, 10]",-1156.0
13,"[0, 0, 0]","[0, 0, 5]",2992.7315704950415
13,"[0, 0, 5]","[0, 0, 10]",2992.7315704950415
13,"[0, 0, 10]","[0, 0, 0]",-578.0
13,"[0, 0, 15]","[0, 0, 5]",-578.0
13,"[0, 0, 20]","[0, 0, 10]",-578.0
13,"[0, 5, 0]","[0, 5, 5]",2992.7315704950415
13,"[0, 5, 5]","[0, 5, 10]",2992.7315704950415
13,"[0, 5, 10]","[0, 5, 0]",-578.0
13,"[0, 5, 15]","[0, 5, 5]",-578.0
13,"[0, 5, 20]","[0, 5, 10]",-578.0
13,"[0, 10, 0]","[0, 10, 5]",2992.7315704950415
13,"[0, 10, 5]","[0, 10, 10]",2992.7315704950415
13,"[0, 10, 10]","[0, 10, 0]",-578.0
13,"[0, 10, 15]","[0, 10, 5]",-578.0
13,"[0, 10, 20]","[0, 10, 10]",-578.0
13,"[0, 15, 0]","[0, 15, 5]",2992.7315704950415
13,"[0, 15, 5]","[0, 15, 10]",2992.7315704950415
13,"[0, 15, 10]","[0, 15, 0]",-578.0
13,"[0, 15, 15]","[0, 15, 5]",-578.0
13,"[0, 15, 20]","[0, 15, 10]",-578.0
13,"[0, 20, 0]","[0, 20, 5]",2992.7315704950415
13,"[0, 20, 5]","[0, 20, 10]",2992.7315704950415
13,"[0, 20, 10]","[0, 20, 0]",-578.0
13,"[0, 20, 15]","[0, 20, 5]",-578.0
13,"[0, 20, 20]","[0, 20, 10]",-578.0
13,"[5, 0, 0]","[5, 0, 5]",2992.7315704950415
13,"[5, 0, 5]","[5, 0, 10]",2992.7315704950415
13,"[5, 0, 10]","[5, 0, 0]",-578.0
13,"[5, 0, 15]","[5, 0, 5]",-578.0
13,"[5, 0, 20]","[5, 0, 10]",-578.0
13,"[5, 5, 0]","[5, 5, 5]",2992.7315704950415
13,"[5, 5, 5]","[5, 5, 10]",2992.7315704950415
13,"[5, 5, 10]","[5, 5, 0]",-578.0
13,"[5, 5, 15]","[5, 5, 5]",-578.0
13,"[5, 5, 20]","[5, 5, 10]",-578.0
13,"[5, 10, 0]","[5, 10, 5]",2992.7315704950415
13,"[5, 10, 5]","[5, 10, 10]",2992.7315704950415
13,"[5, 10, 10]","[5, 10, 0]",-578.0
13,"[5, 10, 15]","[5, 10, 5]",-578.0
13,"[5, 10, 20]","[5, 10, 10]",-578.0
13,"[5, 15, 0]","[5, 15, 5]",2992.7315704950415
13,"[5, 15, 5]","[5, 15, 10]",2992.7315704950415
13,"[5, 15, 10]","[5, 15, 0]",-578.0
13,"[5, 15, 15]","[5, 15, 5]",-578.0
13,"[5, 15, 20]","[5, 15, 10]",-578.0
13,"[5, 20, 0]","[5, 20, 5]",2992.7315704950415
13,"[5, 20, 5]","[5, 20, 10]",2992.7315704950415
13,"[5, 20, 10]","[5, 20, 0]",-578.0
13,"[5, 20, 15]","[5, 20, 5]",-578.0
13,"[5, 20, 20]","[5, 20, 10]",-578.0
13,"[10, 0, 0]","[10, 0, 5]",2992.7315704950415
13,"[10, 0, 5]","[10, 0, 10]",2992.7315704950415
13,"[10, 0, 10]","[10, 0, 0]",-578.0
13,"[10, 0, 15]","[10, 0, 5]",-578.0
13,"[10, 0, 20]","[10, 0, 10]",-578.0
13,"[10, 5, 0]","[10, 5, 5]",2992.7315704950415
13,"[10, 5, 5]","[10, 5, 10]",2992.7315704950415
13,"[10, 5, 10]","[10, 5, 0]",-578.0
13,"[10, 5, 15]","[10, 5, 5]",-578.0
13,"[10, 5, 20]","[10, 5, 10]",-578.0
13,"[10, 10, 0]","[10, 10, 5]",2992.7315704950415
13,"[10, 10, 5]","[10, 10, 10]",2992.7315704950415
13,"[10, 10, 10]","[10, 10, 0]",-578.0
13,"[10, 10, 15]","[10, 10, 5]",-578.0
13,"[10, 10, 20]","[10, 10, 10]",-578.0
13,"[10, 15, 0]","[10, 15, 5]",2992.7315704950415
13,"[10, 15, 5]","[10, 15, 10]",2992.7315704950415
13,"[10, 15, 10]","[10, 15, 0]",-578.0
13,"[10, 15, 15]","[10, 15, 5]",-578.0
13,"[10, 15, 20]","[10, 15, 10]",-578.0
13,"[10, 20, 0]","[10, 20, 5]",2992.7315704950415
13,"[10, 20, 5]","[10, 20, 10]",2992.7315704950415
13,"[10, 20, 10]","[10, 20, 0]",-578.0
13,"[10, 20, 15]","[10, 20, 5]",-578.0
13,"[10, 20, 20]","[10, 20, 10]",-578.0
13,"[15, 0, 0]","[15, 0, 5]",2992.7315704950415
13,"[15, 0, 5]","[15, 0, 10]",2992.7315704950415
13,"[15, 0, 10]","[15, 0, 0]",-578.0
13,"[15, 0, 15]","[15, 0, 5]",-578.0
13,"[15, 0, 20]","[15, 0, 10]",-578.0
13,"[15, 5, 0]","[15, 5, 5]",2992.7315704950415
13,"[15, 5, 5]","[15, 5, 10]",2992.7315704950415
13,"[15, 5, 10]","[15, 5, 0]",-578.0
13,"[15, 5, 15]","[15, 5, 5]",-578.0
13,"[15, 5, 20]","[15, 5, 10]",-578.0
13,"[15, 10, 0]","[15, 10, 5]",2992.7315704950415
13,"[15, 10, 5]","[15, 10, 10]",2992.7315704950415
13,"[15, 10, 10]","[15, 10, 0]",-578.0
13,"[15, 10, 15]","[15, 10, 5]",-578.0
13,"[15, 10, 20]","[15, 10, 10]",-578.0
13,"[15, 15, 0]","[15, 15, 5]",2992.7315704950415
13,"[15, 15, 5]","[15, 15, 10]",2992.7315704950415
13,"[15, 15, 10]","[15, 15, 0]",-578.0
13,"[15, 15, 15]","[15, 15, 5]",-578.0
13,"[15, 15, 20]","[15, 15, 10]",-578.0
13,"[15, 20, 0]","[15, 20, 5]",2992.7315704950415
13,"[15, 20, 5]","[15, 20, 10]",2992.7315704950415
13,"[15, 20, 10]","[15, 20, 0]",-578.0
13,"[15, 20, 15]","[15, 20, 5]",-578.0
13,"[15, 20, 20]","[15, 20, 10]",-578.0
13,"[20, 0, 0]","[20, 0, 5]",2992.7315704950415
13,"[20, 0, 5]","[20, 0, 10]",2992.7315704950415
13,"[20, 0, 10]","[20, 0, 0]",-578.0
13,"[20, 0, 15]","[20, 0, 5]",-578.0
13,"[20, 0, 20]","[20, 0, 10]",-578.0
13,"[20, 5, 0]","[20, 5, 5]",2992.7315704950415
13,"[20, 5, 5]","[20, 5, 10]",2992.7315704950415
13,"[20, 5, 10]","[20, 5, 0]",-578.0
13,"[20, 5, 15]","[20, 5, 5]",-578.0
13,"[20, 5, 20]","[20, 5, 10]",-578.0
13,"[20, 10, 0]","[20, 10, 5]",2992.7315704950415
13,"[20, 10, 5]","[20, 10, 10]",2992.7315704950415
13,"[20, 10, 10]","[20, 10, 0]",-578.0
13,"[20, 10, 15]","[20, 10, 5]",-578.0
13,"[20, 10, 20]","[20, 10, 10]",-578.0
13,"[20, 15, 0]","[20, 15, 5]",2992.7315704950415
13,"[20, 15, 5]","[20, 15, 10]",2992.7315704950415
13,"[20, 15, 10]","[20, 15, 0]",-578.0
13,"[20, 15, 15]","[20, 15, 5]",-578.0
13,"[20, 15, 20]","[20, 15, 10]",-578.0
13,"[20, 20, 0]","[20, 20, 5]",2992.7315704950415
13,"[20, 20, 5]","[20, 20, 10]",2992.7315704950415
13,"[20, 20, 10]","[20, 20, 0]",-578.0
13,"[20, 20, 15]","[20, 20, 5]",-578.0
13,"[20, 20, 20]","[20, 20, 10]",-578.0
14,"[0, 0, 0]","[5, 5, 5]",7608.2156433937
14,"[0, 0, 5]","[5, 5, 10]",7608.2156433937
14,"[0, 0, 10]","[5, 5, 0]",4012.4770955958
14,"[0, 0, 15]","[5, 5, 5]",4012.4770955958
14,"[0, 0, 20]","[5, 5, 10]",4012.4770955958
14,"[0, 5, 0]","[5, 0, 5]",5746.4770955958
14,"[0, 5, 5]","[5, 0, 10]",5746.4770955958
14,"[0, 5, 10]","[5, 0, 0]",2150.7385477979
14,"[0, 5, 15]","[5, 0, 5]",2150.7385477979
14,"[0, 5, 20]","[5, 0, 10]",2150.7385477979
14,"[0, 10, 0]","[5, 5, 5]",5746.4770955958
14,"[0, 10, 5]","[5, 5, 10]",5746.4770955958
14,"[0, 10, 10]","[5, 5, 0]",2150.7385477979
14,"[0, 10, 15]","[5, 5, 5]",2150.7385477979
14,"[0, 10, 20]","[5, 5, 10]",2150.7385477979
14,"[0, 15, 0]","[5, 10, 5]",5746.4770955958
14,"[0, 15, 5]","[5, 10, 10]",5746.4770955958
14,"[0, 15, 10]","[5, 10, 0]",2150.7385477979
14,"[0, 15, 15]","[5, 10, 5]",2150.7385477979
14,"[0, 15, 20]","[5, 10, 10]",2150.7385477979
14,"[0, 20, 0]","[5, 15, 5]",5746.4770955958
14,"[0, 20, 5]","[5, 15, 10]",5746.4770955958
14,"[0, 20, 10]","[5, 15, 0]",2150.7385477979
14,"[0, 20, 15]","[5, 15, 5]",2150.7385477979
14,"[0, 20, 20]","[5, 15, 10]",2150.7385477979
14,"[5, 0, 0]","[10, 5, 5]",7608.2156433937
14,"[5, 0, 5]","[10, 5, 10]",7608.2156433937
14,"[5, 0, 10]","[10, 5, 0]",4012.4770955958
14,"[5, 0, 15]","[10, 5, 5]",4012.4770955958
14,"[5, 0, 20]","[10, 5, 10]",4012.4770955958
14,"[5, 5, 0]","[10, 0, 5]",5746.4770955958
14,"[5, 5, 5]","[10, 0, 10]",5746.4770955958
14,"[5, 5, 10]","[10, 0, 0]",2150.7385477979
14,"[5, 5, 15]","[10, 0, 5]",2150.7385477979
14,"[5, 5, 20]","[10, 0, 10]",2150.7385477979
14,"[5, 10, 0]","[10, 5, 5]",5746.4770955958
14,"[5, 10, 5]","[10, 5, 10]",5746.4770955958
14,"[5, 10, 10]","[10, 5, 0]",2150.7385477979
14,"[5, 10, 15]","[10, 5, 5]",2150.7385477979
14,"[5, 10, 20]","[10, 5, 10]",2150.7385477979
14,"[5, 15, 0]","[10, 10, 5]",5746.4770955958
14,"[5, 15, 5]","[10, 10, 10]",5746.4770955958
14,"[5, 15, 10]","[10, 10, 0]",2150.7385477979
14,"[5, 15, 15]","[10, 10, 5]",2150.7385477979
14,"[5, 15, 20]","[10, 10, 10]",2150.7385477979
14,"[5, 20, 0]","[10, 15, 5]",5746.4770955958
14,"[5, 20, 5]","[10, 15, 10]",5746.4770955958
14,"[5, 20, 10]","[10, 15, 0]",2150.7385477979
14,"[5, 20, 15]","[10, 15, 5]",2150.7385477979
14,"[5, 20, 20]","[10, 15, 10]",2150.7385477979
14,"[10, 0, 0]","[0, 5, 5]",4012.4770955958
14,"[10, 0, 5]","[0, 5, 10]",4012.4770955958
14,"[10, 0, 10]","[0, 5, 0]",416.7385477979003
14,"[10, 0, 15]","[0, 5, 5]",416.7385477979003
14,"[10, 0, 20]","[0, 5, 10]",416.7385477979003
14,"[10, 5, 0]","[0, 0, 5]",2150.7385477979
14,"[10, 5, 5]","[0, 0, 10]",2150.7385477979
14,"[10, 5, 10]","[0, 0, 0]",-1445.0
14,"[10, 5, 15]","[0, 0, 5]",-1445.0
14,"[10, 5, 20]","[0, 0, 10]",-1445.0
14,"[10, 10, 0]","[0, 5, 5]",2150.7385477979
14,"[10, 10, 5]","[0, 5, 10]",2150.7385477979
14,"[10, 10, 10]","[0, 5, 0]",-1445.0
14,"[10, 10, 15]","[0, 5, 5]",-1445.0
14,"[10, 10, 20]","[0, 5, 10]",-1445.0
14,"[10, 15, 0]","[0, 10, 5]",2150.7385477979
14,"[10, 15, 5]","[0, 10, 10]",2150.7385477979
14,"[10, 15, 10]","[0, 10, 0]",-1445.0
14,"[10, 15, 15]","[0, 10, 5]",-1445.0
14,"[10, 15, 20]","[0, 10, 10]",-1445.0
14,"[10, 20, 0]","[0, 15, 5]",2150.7385477979
14,"[10, 20, 5]","[0, 15, 10]",2150.7385477979
14,"[10, 20, 10]","[0, 15, 0]",-1445.0
14,"[10, 20, 15]","[0, 15, 5]",-1445.0
14,"[10, 20, 20]","[0, 15, 10]",-1445.0
14,"[15, 0, 0]","[5, 5, 5]",4012.4770955958
14,"[15, 0, 5]","[5, 5, 10]",4012.4770955958
14,"[15, 0, 10]","[5, 5, 0]",416.7385477979003
14,"[15, 0, 15]","[5, 5, 5]",416.7385477979003
14,"[15, 0, 20]","[5, 5, 10]",416.7385477979003
14,"[15, 5, 0]","[5, 0, 5]",2150.7385477979
14,"[15, 5, 5]","[5, 0, 10]",2150.7385477979
14,"[15, 5, 10]","[5, 0, 0]",-1445.0
14,"[15, 5, 15]","[5, 0, 5]",-1445.0
14,"[15, 5, 20]","[5, 0, 10]",-1445.0
14,"[15, 10, 0]","[5, 5, 5]",2150.7385477979
14,"[15, 10, 5]","[5, 5, 10]",2150.7385477979
14,"[15, 10, 10]","[5, 5, 0]",-1445.0
14,"[15, 10, 15]","[5, 5, 5]",-1445.0
14,"[15, 10, 20]","[5, 5, 10]",-1445.0
14,"[15, 15, 0]","[5, 10, 5]",2150.7385477979
14,"[15, 15, 5]","[5, 10, 10]",2150.7385477979
14,"[15, 15, 10]","[5, 10, 0]",-1445.0
14,"[15, 15, 15]","[5, 10, 5]",-1445.0
14,"[15, 15, 20]","[5, 10, 10]",-1445.0
14,"[15, 20, 0]","[5, 15, 5]",2150.7385477979
14,"[15, 20, 5]","[5, 15, 10]",2150.7385477979
14,"[15, 20, 10]","[5, 15, 0]",-1445.0
14,"[15, 20, 15]","[5, 15, 5]",-1445.0
14,"[15, 20, 20]","[5, 15, 10]",-1445.0
14,"[20, 0, 0]","[10, 5, 5]",4012.4770955958
14,"[20, 0, 5]","[10, 5, 10]",4012.4770955958
14,"[20, 0, 10]","[10, 5, 0]",416.7385477979003
14,"[20, 0, 15]","[10, 5, 5]",416.7385477979003
14,"[20, 0, 20]","[10, 5, 10]",416.7385477979003
14,"[20, 5, 0]","[10, 0, 5]",2150.7385477979
14,"[20, 5, 5]","[10, 0, 10]",2150.7385477979
14,"[20, 5, 10]","[10, 0, 0]",-1445.0
14,"[20, 5, 15]","[10, 0, 5]",-1445.0
14,"[20, 5, 20]","[10, 0, 10]",-1445.0
14,"[20, 10, 0]","[10, 5, 5]",2150.7385477979
14,"[20, 10, 5]","[10, 5, 10]",2150.7385477979
14,"[20, 10, 10]","[10, 5, 0]",-1445.0
14,"[20, 10, 15]","[10, 5, 5]",-1445.0
14,"[20, 10, 20]","[10, 5, 10]",-1445.0
14,"[20, 15, 0]","[10, 10, 5]",2150.7385477979
14,"[20, 15, 5]","[10, 10, 10]",2150.7385477979
14,"[20, 15, 10]","[10, 10, 0]",-1445.0
14,"[20, 15, 15]","[10, 10, 5]",-1445.0
14,"[20, 15, 20]","[10, 10, 10]",-1445.0
14,"[20, 20, 0]","[10, 15, 5]",2150.7385477979
14,"[20, 20, 5]","[10, 15, 10]",2150.7385477979
14,"[20, 20, 10]","[10, 15, 0]",-1445.0
14,"[20, 20, 15]","[10, 15, 5]",-1445.0
14,"[20, 20, 20]","[10, 15, 10]",-1445.0
15,"[0, 0, 0]","[5, 5, 0]",4590.418118989478
15,"[0, 0, 5]","[5, 5, 5]",4590.418118989478
15,"[0, 0, 10]","[5, 5, 10]",4590.418118989478
15,"[0, 0, 15]","[5, 5, 15]",4590.418118989478
15,"[0, 0, 20]","[5, 5, 20]",4590.418118989478
15,"[0, 5, 0]","[5, 10, 0]",4590.418118989478
15,"[0, 5, 5]","[5, 10, 5]",4590.418118989478
15,"[0, 5, 10]","[5, 10, 10]",4590.418118989478
15,"[0, 5, 15]","[5, 10, 15]",4590.418118989478
15,"[0, 5, 20]","[5, 10, 20]",4590.418118989478
15,"[0, 10, 0]","[5, 0, 0]",994.709059494739
15,"[0, 10, 5]","[5, 0, 5]",994.709059494739
15,"[0, 10, 10]","[5, 0, 10]",994.709059494739
15,"[0, 10, 15]","[5, 0, 15]",994.709059494739
15,"[0, 10, 20]","[5, 0, 20]",994.709059494739
15,"[0, 15, 0]","[5, 5, 0]",994.709059494739
15,"[0, 15, 5]","[5, 5, 5]",994.709059494739
15,"[0, 15, 10]","[5, 5, 10]",994.709059494739
15,"[0, 15, 15]","[5, 5, 15]",994.709059494739
15,"[0, 15, 20]","[5, 5, 20]",994.709059494739
15,"[0, 20, 0]","[5, 10, 0]",994.709059494739
15,"[0, 20, 5]","[5, 10, 5]",994.709059494739
15,"[0, 20, 10]","[5, 10, 10]",994.709059494739
15,"[0, 20, 15]","[5, 10, 15]",994.709059494739
15,"[0, 20, 20]","[5, 10, 20]",994.709059494739
15,"[5, 0, 0]","[0, 5, 0]",2728.709059494739
15,"[5, 0, 5]","[0, 5, 5]",2728.709059494739
15,"[5, 0, 10]","[0, 5, 10]",2728.709059494739
15,"[5, 0, 15]","[0, 5, 15]",2728.709059494739
15,"[5, 0, 20]","[0, 5, 20]",2728.709059494739
15,"[5, 5, 0]","[0, 10, 0]",2728.709059494739
15,"[5, 5, 5]","[0, 10, 5]",2728.709059494739
15,"[5, 5, 10]","[0, 10, 10]",2728.709059494739
15,"[5, 5, 15]","[0, 10, 15]",2728.709059494739
15,"[5, 5, 20]","[0, 10, 20]",2728.709059494739
15,"[5, 10, 0]","[0, 0, 0]",-867.0
15,"[5, 10, 5]","[0, 0, 5]",-867.0
15,"[5, 10, 10]","[0, 0, 10]",-867.0
15,"[5, 10, 15]","[0, 0, 15]",-867.0
15,"[5, 10, 20]","[0, 0, 20]",-867.0
15,"[5, 15, 0]","[0, 5, 0]",-867.0
15,"[5, 15, 5]","[0, 5, 5]",-867.0
15,"[5, 15, 10]","[0, 5, 10]",-867.0
15,"[5, 15, 15]","[0, 5, 15]",-867.0
15,"[5, 15, 20]","[0, 5, 20]",-867.0
15,"[5, 20, 0]","[0, 10, 0]",-867.0
15,"[5, 20, 5]","[0, 10, 5]",-867.0
15,"[5, 20, 10]","[0, 10, 10]",-867.0
15,"[5, 20, 15]","[0, 10, 15]",-867.0
15,"[5, 20, 20]","[0, 10, 20]",-867.0
15,"[10, 0, 0]","[5, 5, 0]",2728.709059494739
15,"[10, 0, 5]","[5, 5, 5]",2728.709059494739
15,"[10, 0, 10]","[5, 5, 10]",2728.709059494739
15,"[10, 0, 15]","[5, 5, 15]",2728.709059494739
15,"[10, 0, 20]","[5, 5, 20]",2728.709059494739
15,"[10, 5, 0]","[5, 10, 0]",2728.709059494739
15,"[10, 5, 5]","[5, 10, 5]",2728.709059494739
15,"[10, 5, 10]","[5, 10, 10]",2728.709059494739
15,"[10, 5, 15]","[5, 10, 15]",2728.709059494739
15,"[10, 5, 20]","[5, 10, 20]",2728.709059494739
15,"[10, 10, 0]","[5, 0, 0]",-867.0
15,"[10, 10, 5]","[5, 0, 5]",-867.0
15,"[10, 10, 10]","[5, 0, 10]",-867.0
15,"[10, 10, 15]","[5, 0, 15]",-867.0
15,"[10, 10, 20]","[5, 0, 20]",-867.0
15,"[10, 15, 0]","[5, 5, 0]",-867.0
15,"[10, 15, 5]","[5, 5, 5]",-867.0
15,"[10, 15, 10]","[5, 5, 10]",-867.0
15,"[10, 15, 15]","[5, 5, 15]",-867.0
15,"[10, 15, 20]","[5, 5, 20]",-867.0
15,"[10, 20, 0]","[5, 10, 0]",-867.0
15,"[10, 20, 5]","[5, 10, 5]",-867.0
15,"[10, 20, 10]","[5, 10, 10]",-867.0
15,"[10, 20, 15]","[5, 10, 15]",-867.0
15,"[10, 20, 20]","[5, 10, 20]",-867.0
15,"[15, 0, 0]","[10, 5, 0]",2728.709059494739
15,"[15, 0, 5]","[10, 5, 5]",2728.709059494739
15,"[15, 0, 10]","[10, 5, 10]",2728.709059494739
15,"[15, 0, 15]","[10, 5, 15]",2728.709059494739
15,"[15, 0, 20]","[10, 5, 20]",2728.709059494739
15,"[15, 5, 0]","[10, 10, 0]",2728.709059494739
15,"[15, 5, 5]","[10, 10, 5]",2728.709059494739
15,"[15, 5, 10]","[10, 10, 10]",2728.709059494739
15,"[15, 5, 15]","[10, 10, 15]",2728.709059494739
15,"[15, 5, 20]","[10, 10, 20]",2728.709059494739
15,"[15, 10, 0]","[10, 0, 0]",-867.0
15,"[15, 10, 5]","[10, 0, 5]",-867.0
15,"[15, 10, 10]","[10, 0, 10]",-867.0
15,"[15, 10, 15]","[10, 0, 15]",-867.0
15,"[15, 10, 20]","[10, 0, 20]",-867.0
15,"[15, 15, 0]","[10, 5, 0]",-867.0
15,"[15, 15, 5]","[10, 5, 5]",-867.0
15,"[15, 15, 10]","[10, 5, 10]",-867.0
15,"[15, 15, 15]","[10, 5, 15]",-867.0
15,"[15, 15, 20]","[10, 5, 20]",-867.0
15,"[15, 20, 0]","[10, 10, 0]",-867.0
15,"[15, 20, 5]","[10, 10, 5]",-867.0
15,"[15, 20, 10]","[10, 10, 10]",-867.0
15,"[15, 20, 15]","[10, 10, 15]",-867.0
15,"[15, 20, 20]","[10, 10, 20]",-867.0
15,"[20, 0, 0]","[15, 5, 0]",2728.709059494739
15,"[20, 0, 5]","[15, 5, 5]",2728.709059494739
15,"[20, 0, 10]","[15, 5, 10]",2728.709059494739
15,"[20, 0, 15]","[15, 5, 15]",2728.709059494739
15,"[20, 0, 20]","[15, 5, 20]",2728.709059494739
15,"[20, 5, 0]","[15, 10, 0]",2728.709059494739
15,"[20, 5, 5]","[15, 10, 5]",2728.709059494739
15,"[20, 5, 10]","[15, 10, 10]",2728.709059494739
15,"[20, 5, 15]","[15, 10, 15]",2728.709059494739
15,"[20, 5, 20]","[15, 10, 20]",2728.709059494739
15,"[20, 10, 0]","[15, 0, 0]",-867.0
15,"[20, 10, 5]","[15, 0, 5]",-867.0
15,"[20, 10, 10]","[15, 0, 10]",-867.0
15,"[20, 10, 15]","[15, 0, 15]",-867.0
15,"[20, 10, 20]","[15, 0, 20]",-867.0
15,"[20, 15, 0]","[15, 5, 0]",-867.0
15,"[20, 15, 5]","[15, 5, 5]",-867.0
15,"[20, 15, 10]","[15, 5, 10]",-867.0
15,"[20, 15, 15]","[15, 5, 15]",-867.0
15,"[20, 15, 20]","[15, 5, 20]",-867.0
15,"[20, 20, 0]","[15, 10, 0]",-867.0
15,"[20, 20, 5]","[15, 10, 5]",-867.0
15,"[20, 20, 10]","[15, 10, 10]",-867.0
15,"[20, 20, 15]","[15, 10, 15]",-867.0
15,"[20, 20, 20]","[15, 10, 20]",-867.0
16,"[0, 0, 0]","[5, 5, 5]",6113.3426321754105
16,"[0, 0, 5]","[5, 5, 0]",4268.228421450274
16,"[0, 0, 10]","[5, 5, 5]",4268.228421450274
16,"[0, 0, 15]","[5, 5, 10]",4268.228421450274
16,"[0, 0, 20]","[5, 5, 15]",4268.228421450274
16,"[0, 5, 0]","[5, 0, 5]",4268.228421450274
16,"[0, 5, 5]","[5, 0, 0]",2423.114210725137
16,"[0, 5, 10]","[5, 0, 5]",2423.114210725137
16,"[0, 5, 15]","[5, 0, 10]",2423.114210725137
16,"[0, 5, 20]","[5, 0, 15]",2423.114210725137
16,"[0, 10, 0]","[5, 5, 5]",4268.228421450274
16,"[0, 10, 5]","[5, 5, 0]",2423.114210725137
16,"[0, 10, 10]","[5, 5, 5]",2423.114210725137
16,"[0, 10, 15]","[5, 5, 10]",2423.114210725137
16,"[0, 10, 20]","[5, 5, 15]",2423.114210725137
16,"[0, 15, 0]","[5, 10, 5]",4268.228421450274
16,"[0, 15, 5]","[5, 10, 0]",2423.114210725137
16,"[0, 15, 10]","[5, 10, 5]",2423.114210725137
16,"[0, 15, 15]","[5, 10, 10]",2423.114210725137
16,"[0, 15, 20]","[5, 10, 15]",2423.114210725137
16,"[0, 20, 0]","[5, 15, 5]",4268.228421450274
16,"[0, 20, 5]","[5, 15, 0]",2423.114210725137
16,"[0, 20, 10]","[5, 15, 5]",2423.114210725137
16,"[0, 20, 15]","[5, 15, 10]",2423.114210725137
16,"[0, 20, 20]","[5, 15, 15]",2423.114210725137
16,"[5, 0, 0]","[10, 5, 5]",6113.3426321754105
16,"[5, 0, 5]","[10, 5, 0]",4268.228421450274
16,"[5, 0, 10]","[10, 5, 5]",4268.228421450274
16,"[5, 0, 15]","[10, 5, 10]",4268.228421450274
16,"[5, 0, 20]","[10, 5, 15]",4268.228421450274
16,"[5, 5, 0]","[10, 0, 5]",4268.228421450274
16,"[5, 5, 5]","[10, 0, 0]",2423.114210725137
16,"[5, 5, 10]","[10, 0, 5]",2423.114210725137
16,"[5, 5, 15]","[10, 0, 10]",2423.114210725137
16,"[5, 5, 20]","[10, 0, 15]",2423.114210725137
16,"[5, 10, 0]","[10, 5, 5]",4268.228421450274
16,"[5, 10, 5]","[10, 5, 0]",2423.114210725137
16,"[5, 10, 10]","[10, 5, 5]",2423.114210725137
16,"[5, 10, 15]","[10, 5, 10]",2423.114210725137
16,"[5, 10, 20]","[10, 5, 15]",2423.114210725137
16,"[5, 15, 0]","[10, 10, 5]",4268.228421450274
16,"[5, 15, 5]","[10, 10, 0]",2423.114210725137
16,"[5, 15, 10]","[10, 10, 5]",2423.114210725137
16,"[5, 15, 15]","[10, 10, 10]",2423.114210725137
16,"[5, 15, 20]","[10, 10, 15]",2423.114210725137
16,"[5, 20, 0]","[10, 15, 5]",4268.228421450274
16,"[5, 20, 5]","[10, 15, 0]",2423.114210725137
16,"[5, 20, 10]","[10, 15, 5]",2423.114210725137
16,"[5, 20, 15]","[10, 15, 10]",2423.114210725137
16,"[5, 20, 20]","[10, 15, 15]",2423.114210725137
16,"[10, 0, 0]","[0, 5, 5]",2534.2284214502733
16,"[10, 0, 5]","[0, 5, 0]",689.1142107251367
16,"[10, 0, 10]","[0, 5, 5]",689.1142107251367
16,"[10, 0, 15]","[0, 5, 10]",689.1142107251367
16,"[10, 0, 20]","[0, 5, 15]",689.1142107251367
16,"[10, 5, 0]","[0, 0, 5]",689.1142107251367
16,"[10, 5, 5]","[0, 0, 0]",-1156.0
16,"[10, 5, 10]","[0, 0, 5]",-1156.0
16,"[10, 5, 15]","[0, 0, 10]",-1156.0
16,"[10, 5, 20]","[0, 0, 15]",-1156.0
16,"[10, 10, 0]","[0, 5, 5]",689.1142107251367
16,"[10, 10, 5]","[0, 5, 0]",-1156.0
16,"[10, 10, 10]","[0, 5, 5]",-1156.0
16,"[10, 10, 15]","[0, 5, 10]",-1156.0
16,"[10, 10, 20]","[0, 5, 15]",-1156.0
16,"[10, 15, 0]","[0, 10, 5]",689.1142107251367
16,"[10, 15, 5]","[0, 10, 0]",-1156.0
16,"[10, 15, 10]","[0, 10, 5]",-1156.0
16,"[10, 15, 15]","[0, 10, 10]",-1156.0
16,"[10, 15, 20]","[0, 10, 15]",-1156.0
16,"[10, 20, 0]","[0, 15, 5]",689.1142107251367
16,"[10, 20, 5]","[0, 15, 0]",-1156.0
16,"[10, 20, 10]","[0, 15, 5]",-1156.0
16,"[10, 20, 15]","[0, 15, 10]",-1156.0
16,"[10, 20, 20]","[0, 15, 15]",-1156.0
16,"[15, 0, 0]","[5, 5, 5]",2534.2284214502733
16,"[15, 0, 5]","[5, 5, 0]",689.1142107251367
16,"[15, 0, 10]","[5, 5, 5]",689.1142107251367
16,"[15, 0, 15]","[5, 5, 10]",689.1142107251367
16,"[15, 0, 20]","[5, 5, 15]",689.1142107251367
16,"[15, 5, 0]","[5, 0, 5]",689.1142107251367
16,"[15, 5, 5]","[5, 0, 0]",-1156.0
16,"[15, 5, 10]","[5, 0, 5]",-1156.0
16,"[15, 5, 15]","[5, 0, 10]",-1156.0
16,"[15, 5, 20]","[5, 0, 15]",-1156.0
16,"[15, 10, 0]","[5, 5, 5]",689.1142107251367
16,"[15, 10, 5]","[5, 5, 0]",-1156.0
16,"[15, 10, 10]","[5, 5, 5]",-1156.0
16,"[15, 10, 15]","[5, 5, 10]",-1156.0
16,"[15, 10, 20]","[5, 5, 15]",-1156.0
16,"[15, 15, 0]","[5, 10, 5]",689.1142107251367
16,"[15, 15, 5]","[5, 10, 0]",-1156.0
16,"[15, 15, 10]","[5, 10, 5]",-1156.0
16,"[15, 15, 15]","[5, 10, 10]",-1156.0
16,"[15, 15, 20]","[5, 10, 15]",-1156.0
16,"[15, 20, 0]","[5, 15, 5]",689.1142107251367
16,"[15, 20, 5]","[5, 15, 0]",-1156.0
16,"[15, 20, 10]","[5, 15, 5]",-1156.0
16,"[15, 20, 15]","[5, 15, 10]",-1156.0
16,"[15, 20, 20]","[5, 15, 15]",-1156.0
16,"[20, 0, 0]","[10, 5, 5]",2534.2284214502733
16,"[20, 0, 5]","[10, 5, 0]",689.1142107251367
16,"[20, 0, 10]","[10, 5, 5]",689.1142107251367
16,"[20, 0, 15]","[10, 5, 10]",689.1142107251367
16,"[20, 0, 20]","[10, 5, 15]",689.1142107251367
16,"[20, 5, 0]","[10, 0, 5]",689.1142107251367
16,"[20, 5, 5]","[10, 0, 0]",-1156.0
16,"[20, 5, 10]","[10, 0, 5]",-1156.0
16,"[20, 5, 15]","[10, 0, 10]",-1156.0
16,"[20, 5, 20]","[10, 0, 15]",-1156.0
16,"[20, 10, 0]","[10, 5, 5]",689.1142107251367
16,"[20, 10, 5]","[10, 5, 0]",-1156.0
16,"[20, 10, 10]","[10, 5, 5]",-1156.0
16,"[20, 10, 15]","[10, 5, 10]",-1156.0
16,"[20, 10, 20]","[10, 5, 15]",-1156.0
16,"[20, 15, 0]","[10, 10, 5]",689.1142107251367
16,"[20, 15, 5]","[10, 10, 0]",-1156.0
16,"[20, 15, 10]","[10, 10, 5]",-1156.0
16,"[20, 15, 15]","[10, 10, 10]",-1156.0
16,"[20, 15, 20]","[10, 10, 15]",-1156.0
16,"[20, 20, 0]","[10, 15, 5]",689.1142107251367
16,"[20, 20, 5]","[10, 15, 0]",-1156.0
16,"[20, 20, 10]","[10, 15, 5]",-1156.0
16,"[20, 20, 15]","[10, 15, 10]",-1156.0
16,"[20, 20, 20]","[10, 15, 15]",-1156.0
17,"[0, 0, 0]","[5, 0, 0]",2942.722847466323
17,"[0, 0, 5]","[5, 0, 5]",2942.722847466323
17,"[0, 0, 10]","[5, 0, 10]",2942.722847466323
17,"[0, 0, 15]","[5, 0, 15]",2942.722847466323
17,"[0, 0, 20]","[5, 0, 20]",2942.722847466323
17,"[0, 5, 0]","[5, 5, 0]",2942.722847466323
17,"[0, 5, 5]","[5, 5, 5]",2942.722847466323
17,"[0, 5, 10]","[5, 5, 10]",2942.722847466323
17,"[0, 5, 15]","[5, 5, 15]",2942.722847466323
17,"[0, 5, 20]","[5, 5, 20]",2942.722847466323
17,"[0, 10, 0]","[5, 10, 0]",2942.722847466323
17,"[0, 10, 5]","[5, 10, 5]",2942.722847466323
17,"[0, 10, 10]","[5, 10, 10]",2942.722847466323
17,"[0, 10, 15]","[5, 10, 15]",2942.722847466323
17,"[0, 10, 20]","[5, 10, 20]",2942.722847466323
17,"[0, 15, 0]","[5, 15, 0]",2942.722847466323
17,"[0, 15, 5]","[5, 15, 5]",2942.722847466323
17,"[0, 15, 10]","[5, 15, 10]",2942.722847466323
17,"[0, 15, 15]","[5, 15, 15]",2942.722847466323
17,"[0, 15, 20]","[5, 15, 20]",2942.722847466323
17,"[0, 20, 0]","[5, 20, 0]",2942.722847466323
17,"[0, 20, 5]","[5, 20, 5]",2942.722847466323
17,"[0, 20, 10]","[5, 20, 10]",2942.722847466323
17,"[0, 20, 15]","[5, 20, 15]",2942.722847466323
17,"[0, 20, 20]","[5, 20, 20]",2942.722847466323
17,"[5, 0, 0]","[10, 0, 0]",2942.722847466323
17,"[5, 0, 5]","[10, 0, 5]",2942.722847466323
17,"[5, 0, 10]","[10, 0, 10]",2942.722847466323
17,"[5, 0, 15]","[10, 0, 15]",2942.722847466323
17,"[5, 0, 20]","[10, 0, 20]",2942.722847466323
17,"[5, 5, 0]","[10, 5, 0]",2942.722847466323
17,"[5, 5, 5]","[10, 5, 5]",2942.722847466323
17,"[5, 5, 10]","[10, 5, 10]",2942.722847466323
17,"[5, 5, 15]","[10, 5, 15]",2942.722847466323
17,"[5, 5, 20]","[10, 5, 20]",2942.722847466323
17,"[5, 10, 0]","[10, 10, 0]",2942.722847466323
17,"[5, 10, 5]","[10, 10, 5]",2942.722847466323
17,"[5, 10, 10]","[10, 10, 10]",2942.722847466323
17,"[5, 10, 15]","[10, 10, 15]",2942.722847466323
17,"[5, 10, 20]","[10, 10, 20]",2942.722847466323
17,"[5, 15, 0]","[10, 15, 0]",2942.722847466323
17,"[5, 15, 5]","[10, 15, 5]",2942.722847466323
17,"[5, 15, 10]","[10, 15, 10]",2942.722847466323
17,"[5, 15, 15]","[10, 15, 15]",2942.722847466323
17,"[5, 15, 20]","[10, 15, 20]",2942.722847466323
17,"[5, 20, 0]","[10, 20, 0]",2942.722847466323
17,"[5, 20, 5]","[10, 20, 5]",2942.722847466323
17,"[5, 20, 10]","[10, 20, 10]",2942.722847466323
17,"[5, 20, 15]","[10, 20, 15]",2942.722847466323
17,"[5, 20, 20]","[10, 20, 20]",2942.722847466323
17,"[10, 0, 0]","[0, 0, 0]",-578.0
17,"[10, 0, 5]","[0, 0, 5]",-578.0
17,"[10, 0, 10]","[0, 0, 10]",-578.0
17,"[10, 0, 15]","[0, 0, 15]",-578.0
17,"[10, 0, 20]","[0, 0, 20]",-578.0
17,"[10, 5, 0]","[0, 5, 0]",-578.0
17,"[10, 5, 5]","[0, 5, 5]",-578.0
17,"[10, 5, 10]","[0, 5, 10]",-578.0
17,"[10, 5, 15]","[0, 5, 15]",-578.0
17,"[10, 5, 20]","[0, 5, 20]",-578.0
17,"[10, 10, 0]","[0, 10, 0]",-578.0
17,"[10, 10, 5]","[0, 10, 5]",-578.0
17,"[10, 10, 10]","[0, 10, 10]",-578.0
17,"[10, 10, 15]","[0, 10, 15]",-578.0
17,"[10, 10, 20]","[0, 10, 20]",-578.0
17,"[10, 15, 0]","[0, 15, 0]",-578.0
17,"[10, 15, 5]","[0, 15, 5]",-578.0
17,"[10, 15, 10]","[0, 15, 10]",-578.0
17,"[10, 15, 15]","[0, 15, 15]",-578.0
17,"[10, 15, 20]","[0, 15, 20]",-578.0
17,"[10, 20, 0]","[0, 20, 0]",-578.0
17,"[10, 20, 5]","[0, 20, 5]",-578.0
17,"[10, 20, 10]","[0, 20, 10]",-578.0
17,"[10, 20, 15]","[0, 20, 15]",-578.0
17,"[10, 20, 20]","[0, 20, 20]",-578.0
17,"[15, 0, 0]","[5, 0, 0]",-578.0
17,"[15, 0, 5]","[5, 0, 5]",-578.0
17,"[15, 0, 10]","[5, 0, 10]",-578.0
17,"[15, 0, 15]","[5, 0, 15]",-578.0
17,"[15, 0, 20]","[5, 0, 20]",-578.0
17,"[15, 5, 0]","[5, 5, 0]",-578.0
17,"[15, 5, 5]","[5, 5, 5]",-578.0
17,"[15, 5, 10]","[5, 5, 10]",-578.0
17,"[15, 5, 15]","[5, 5, 15]",-578.0
17,"[15, 5, 20]","[5, 5, 20]",-578.0
17,"[15, 10, 0]","[5, 10, 0]",-578.0
17,"[15, 10, 5]","[5, 10, 5]",-578.0
17,"[15, 10, 10]","[5, 10, 10]",-578.0
17,"[15, 10, 15]","[5, 10, 15]",-578.0
17,"[15, 10, 20]","[5, 10, 20]",-578.0
17,"[15, 15, 0]","[5, 15, 0]",-578.0
17,"[15, 15, 5]","[5, 15, 5]",-578.0
17,"[15, 15, 10]","[5, 15, 10]",-578.0
17,"[15, 15, 15]","[5, 15, 15]",-578.0
17,"[15, 15, 20]","[5, 15, 20]",-578.0
17,"[15, 20, 0]","[5, 20, 0]",-578.0
17,"[15, 20, 5]","[5, 20, 5]",-578.0
17,"[15, 20, 10]","[5, 20, 10]",-578.0
17,"[15, 20, 15]","[5, 20, 15]",-578.0
17,"[15, 20, 20]","[5, 20, 20]",-578.0
17,"[20, 0, 0]","[10, 0, 0]",-578.0
17,"[20, 0, 5]","[10, 0, 5]",-578.0
17,"[20, 0, 10]","[10, 0, 10]",-578.0
17,"[20, 0, 15]","[10, 0, 15]",-578.0
17,"[20, 0, 20]","[10, 0, 20]",-578.0
17,"[20, 5, 0]","[10, 5, 0]",-578.0
17,"[20, 5, 5]","[10, 5, 5]",-578.0
17,"[20, 5, 10]","[10, 5, 10]",-578.0
17,"[20, 5, 15]","[10, 5, 15]",-578.0
17,"[20, 5, 20]","[10, 5, 20]",-578.0
17,"[20, 10, 0]","[10, 10, 0]",-578.0
17,"[20, 10, 5]","[10, 10, 5]",-578.0
17,"[20, 10, 10]","[10, 10, 10]",-578.0
17,"[20, 10, 15]","[10, 10, 15]",-578.0
17,"[20, 10, 20]","[10, 10, 20]",-578.0
17,"[20, 15, 0]","[10, 15, 0]",-578.0
17,"[20, 15, 5]","[10, 15, 5]",-578.0
17,"[20, 15, 10]","[10, 15, 10]",-578.0
17,"[20, 15, 15]","[10, 15, 15]",-578.0
17,"[20, 15, 20]","[10, 15, 20]",-578.0
17,"[20, 20, 0]","[10, 20, 0]",-578.0
17,"[20, 20, 5]","[10, 20, 5]",-578.0
17,"[20, 20, 10]","[10, 20, 10]",-578.0
17,"[20, 20, 15]","[10, 20, 15]",-578.0
17,"[20, 20, 20]","[10, 20, 20]",-578.0
18,"[0, 0, 0]","[5, 5, 0]",2909.9779280356815
18,"[0, 0, 5]","[5, 5, 5]",2909.9779280356815
18,"[0, 0, 10]","[5, 5, 10]",2909.9779280356815
18,"[0, 0, 15]","[5, 5, 15]",2909.9779280356815
18,"[0, 0, 20]","[5, 5, 20]",2909.9779280356815
18,"[0, 5, 0]","[5, 0, 0]",1165.9889640178408
18,"[0, 5, 5]","[5, 0, 5]",1165.9889640178408
18,"[0, 5, 10]","[5, 0, 10]",1165.9889640178408
18,"[0, 5, 15]","[5, 0, 15]",1165.9889640178408
18,"[0, 5, 20]","[5, 0, 20]",1165.9889640178408
18,"[0, 10, 0]","[5, 5, 0]",1165.9889640178408
18,"[0, 10, 5]","[5, 5, 5]",1165.9889640178408
18,"[0, 10, 10]","[5, 5, 10]",1165.9889640178408
18,"[0, 10, 15]","[5, 5, 15]",1165.9889640178408
18,"[0, 10, 20]","[5, 5, 20]",1165.9889640178408
18,"[0, 15, 0]","[5, 10, 0]",1165.9889640178408
18,"[0, 15, 5]","[5, 10, 5]",1165.9889640178408
18,"[0, 15, 10]","[5, 10, 10]",1165.9889640178408
18,"[0, 15, 15]","[5, 10, 15]",1165.9889640178408
18,"[0, 15, 20]","[5, 10, 20]",1165.9889640178408
18,"[0, 20, 0]","[5, 15, 0]",1165.9889640178408
18,"[0, 20, 5]","[5, 15, 5]",1165.9889640178408
18,"[0, 20, 10]","[5, 15, 10]",1165.9889640178408
18,"[0, 20, 15]","[5, 15, 15]",1165.9889640178408
18,"[0, 20, 20]","[5, 15, 20]",1165.9889640178408
18,"[5, 0, 0]","[0, 5, 0]",1165.9889640178408
18,"[5, 0, 5]","[0, 5, 5]",1165.9889640178408
18,"[5, 0, 10]","[0, 5, 10]",1165.9889640178408
18,"[5, 0, 15]","[0, 5, 15]",1165.9889640178408
18,"[5, 0, 20]","[0, 5, 20]",1165.9889640178408
18,"[5, 5, 0]","[0, 0, 0]",-578.0
18,"[5, 5, 5]","[0, 0, 5]",-578.0
18,"[5, 5, 10]","[0, 0, 10]",-578.0
18,"[5, 5, 15]","[0, 0, 15]",-578.0
18,"[5, 5, 20]","[0, 0, 20]",-578.0
18,"[5, 10, 0]","[0, 5, 0]",-578.0
18,"[5, 10, 5]","[0, 5, 5]",-578.0
18,"[5, 10, 10]","[0, 5, 10]",-578.0
18,"[5, 10, 15]","[0, 5, 15]",-578.0
18,"[5, 10, 20]","[0, 5, 20]",-578.0
18,"[5, 15, 0]","[0, 10, 0]",-578.0
18,"[5, 15, 5]","[0, 10, 5]",-578.0
18,"[5, 15, 10]","[0, 10, 10]",-578.0
18,"[5, 15, 15]","[0, 10, 15]",-578.0
18,"[5, 15, 20]","[0, 10, 20]",-578.0
18,"[5, 20, 0]","[0, 15, 0]",-578.0
18,"[5, 20, 5]","[0, 15, 5]",-578.0
18,"[5, 20, 10]","[0, 15, 10]",-578.0
18,"[5, 20, 15]","[0, 15, 15]",-578.0
18,"[5, 20, 20]","[0, 15, 20]",-578.0
18,"[10, 0, 0]","[5, 5, 0]",1165.9889640178408
18,"[10, 0, 5]","[5, 5, 5]",1165.9889640178408
18,"[10, 0, 10]","[5, 5, 10]",1165.9889640178408
18,"[10, 0, 15]","[5, 5, 15]",1165.9889640178408
18,"[10, 0, 20]","[5, 5, 20]",1165.9889640178408
18,"[10, 5, 0]","[5, 0, 0]",-578.0
18,"[10, 5, 5]","[5, 0, 5]",-578.0
18,"[10, 5, 10]","[5, 0, 10]",-578.0
18,"[10, 5, 15]","[5, 0, 15]",-578.0
18,"[10, 5, 20]","[5, 0, 20]",-578.0
18,"[10, 10, 0]","[5, 5, 0]",-578.0
18,"[10, 10, 5]","[5, 5, 5]",-578.0
18,"[10, 10, 10]","[5, 5, 10]",-578.0
18,"[10, 10, 15]","[5, 5, 15]",-578.0
18,"[10, 10, 20]","[5, 5, 20]",-578.0
18,"[10, 15, 0]","[5, 10, 0]",-578.0
18,"[10, 15, 5]","[5, 10, 5]",-578.0
18,"[10, 15, 10]","[5, 10, 10]",-578.0
18,"[10, 15, 15]","[5, 10, 15]",-578.0
18,"[10, 15, 20]","[5, 10, 20]",-578.0
18,"[10, 20, 0]","[5, 15, 0]",-578.0
18,"[10, 20, 5]","[5, 15, 5]",-578.0
18,"[10, 20, 10]","[5, 15, 10]",-578.0
18,"[10, 20, 15]","[5, 15, 15]",-578.0
18,"[10, 20, 20]","[5, 15, 20]",-578.0
18,"[15, 0, 0]","[10, 5, 0]",1165.9889640178408
18,"[15, 0, 5]","[10, 5, 5]",1165.9889640178408
18,"[15, 0, 10]","[10, 5, 10]",1165.9889640178408
18,"[15, 0, 15]","[10, 5, 15]",1165.9889640178408
18,"[15, 0, 20]","[10, 5, 20]",1165.9889640178408
18,"[15, 5, 0]","[10, 0, 0]",-578.0
18,"[15, 5, 5]","[10, 0, 5]",-578.0
18,"[15, 5, 10]","[10, 0, 10]",-578.0
18,"[15, 5, 15]","[10, 0, 15]",-578.0
18,"[15, 5, 20]","[10, 0, 20]",-578.0
18,"[15, 10, 0]","[10, 5, 0]",-578.0
18,"[15, 10, 5]","[10, 5, 5]",-578.0
18,"[15, 10, 10]","[10, 5, 10]",-578.0
18,"[15, 10, 15]","[10, 5, 15]",-578.0
18,"[15, 10, 20]","[10, 5, 20]",-578.0
18,"[15, 15, 0]","[10, 10, 0]",-578.0
18,"[15, 15, 5]","[10, 10, 5]",-578.0
18,"[15, 15, 10]","[10, 10, 10]",-578.0
18,"[15, 15, 15]","[10, 10, 15]",-578.0
18,"[15, 15, 20]","[10, 10, 20]",-578.0
18,"[15, 20, 0]","[10, 15, 0]",-578.0
18,"[15, 20, 5]","[10, 15, 5]",-578.0
18,"[15, 20, 10]","[10, 15, 10]",-578.0
18,"[15, 20, 15]","[10, 15, 15]",-578.0
18,"[15, 20, 20]","[10, 15, 20]",-578.0
18,"[20, 0, 0]","[15, 5, 0]",1165.9889640178408
18,"[20, 0, 5]","[15, 5, 5]",1165.9889640178408
18,"[20, 0, 10]","[15, 5, 10]",1165.9889640178408
18,"[20, 0, 15]","[15, 5, 15]",1165.9889640178408
18,"[20, 0, 20]","[15, 5, 20]",1165.9889640178408
18,"[20, 5, 0]","[15, 0, 0]",-578.0
18,"[20, 5, 5]","[15, 0, 5]",-578.0
18,"[20, 5, 10]","[15, 0, 10]",-578.0
18,"[20, 5, 15]","[15, 0, 15]",-578.0
18,"[20, 5, 20]","[15, 0, 20]",-578.0
18,"[20, 10, 0]","[15, 5, 0]",-578.0
18,"[20, 10, 5]","[15, 5, 5]",-578.0
18,"[20, 10, 10]","[15, 5, 10]",-578.0
18,"[20, 10, 15]","[15, 5, 15]",-578.0
18,"[20, 10, 20]","[15, 5, 20]",-578.0
18,"[20, 15, 0]","[15, 10, 0]",-578.0
18,"[20, 15, 5]","[15, 10, 5]",-578.0
18,"[20, 15, 10]","[15, 10, 10]",-578.0
18,"[20, 15, 15]","[15, 10, 15]",-578.0
18,"[20, 15, 20]","[15, 10, 20]",-578.0
18,"[20, 20, 0]","[15, 15, 0]",-578.0
18,"[20, 20, 5]","[15, 15, 5]",-578.0
18,"[20, 20, 10]","[15, 15, 10]",-578.0
18,"[20, 20, 15]","[15, 15, 15]",-578.0
18,"[20, 20, 20]","[15, 15, 20]",-578.0
19,"[0, 0, 0]","[0, 0, 5]",1446.285235520974
19,"[0, 0, 5]","[0, 0, 0]",-289.0
19,"[0, 0, 10]","[0, 0, 5]",-289.0
19,"[0, 0, 15]","[0, 0, 10]",-289.0
19,"[0, 0, 20]","[0, 0, 15]",-289.0
19,"[0, 5, 0]","[0, 5, 5]",1446.285235520974
19,"[0, 5, 5]","[0, 5, 0]",-289.0
19,"[0, 5, 10]","[0, 5, 5]",-289.0
19,"[0, 5, 15]","[0, 5, 10]",-289.0
19,"[0, 5, 20]","[0, 5, 15]",-289.0
19,"[0, 10, 0]","[0, 10, 5]",1446.285235520974
19,"[0, 10, 5]","[0, 10, 0]",-289.0
19,"[0, 10, 10]","[0, 10, 5]",-289.0
19,"[0, 10, 15]","[0, 10, 10]",-289.0
19,"[0, 10, 20]","[0, 10, 15]",-289.0
19,"[0, 15, 0]","[0, 15, 5]",1446.285235520974
19,"[0, 15, 5]","[0, 15, 0]",-289.0
19,"[0, 15, 10]","[0, 15, 5]",-289.0
19,"[0, 15, 15]","[0, 15, 10]",-289.0
19,"[0, 15, 20]","[0, 15, 15]",-289.0
19,"[0, 20, 0]","[0, 20, 5]",1446.285235520974
19,"[0, 20, 5]","[0, 20, 0]",-289.0
19,"[0, 20, 10]","[0, 20, 5]",-289.0
19,"[0, 20, 15]","[0, 20, 10]",-289.0
19,"[0, 20, 20]","[0, 20, 15]",-289.0
19,"[5, 0, 0]","[5, 0, 5]",1446.285235520974
19,"[5, 0, 5]","[5, 0, 0]",-289.0
19,"[5, 0, 10]","[5, 0, 5]",-289.0
19,"[5, 0, 15]","[5, 0, 10]",-289.0
19,"[5, 0, 20]","[5, 0, 15]",-289.0
19,"[5, 5, 0]","[5, 5, 5]",1446.285235520974
19,"[5, 5, 5]","[5, 5, 0]",-289.0
19,"[5, 5, 10]","[5, 5, 5]",-289.0
19,"[5, 5, 15]","[5, 5, 10]",-289.0
19,"[5, 5, 20]","[5, 5, 15]",-289.0
19,"[5, 10, 0]","[5, 10, 5]",1446.285235520974
19,"[5, 10, 5]","[5, 10, 0]",-289.0
19,"[5, 10, 10]","[5, 10, 5]",-289.0
19,"[5, 10, 15]","[5, 10, 10]",-289.0
19,"[5, 10, 20]","[5, 10, 15]",-289.0
19,"[5, 15, 0]","[5, 15, 5]",1446.285235520974
19,"[5, 15, 5]","[5, 15, 0]",-289.0
19,"[5, 15, 10]","[5, 15, 5]",-289.0
19,"[5, 15, 15]","[5, 15, 10]",-289.0
19,"[5, 15, 20]","[5, 15, 15]",-289.0
19,"[5, 20, 0]","[5, 20, 5]",1446.285235520974
19,"[5, 20, 5]","[5, 20, 0]",-289.0
19,"[5, 20, 10]","[5, 20, 5]",-289.0
19,"[5, 20, 15]","[5, 20, 10]",-289.0
19,"[5, 20, 20]","[5, 20, 15]",-289.0
19,"[10, 0, 0]","[10, 0, 5]",1446.285235520974
19,"[10, 0, 5]","[10, 0, 0]",-289.0
19,"[10, 0, 10]","[10, 0, 5]",-289.0
19,"[10, 0, 15]","[10, 0, 10]",-289.0
19,"[10, 0, 20]","[10, 0, 15]",-289.0
19,"[10, 5, 0]","[10, 5, 5]",1446.285235520974
19,"[10, 5, 5]","[10, 5, 0]",-289.0
19,"[10, 5, 10]","[10, 5, 5]",-289.0
19,"[10, 5, 15]","[10, 5, 10]",-289.0
19,"[10, 5, 20]","[10, 5, 15]",-289.0
19,"[10, 10, 0]","[10, 10, 5]",1446.285235520974
19,"[10, 10, 5]","[10, 10, 0]",-289.0
19,"[10, 10, 10]","[10, 10, 5]",-289.0
19,"[10, 10, 15]","[10, 10, 10]",-289.0
19,"[10, 10, 20]","[10, 10, 15]",-289.0
19,"[10, 15, 0]","[10, 15, 5]",1446.285235520974
19,"[10, 15, 5]","[10, 15, 0]",-289.0
19,"[10, 15, 10]","[10, 15, 5]",-289.0
19,"[10, 15, 15]","[10, 15, 10]",-289.0
19,"[10, 15, 20]","[10, 15, 15]",-289.0
19,"[10, 20, 0]","[10, 20, 5]",1446.285235520974
19,"[10, 20, 5]","[10, 20, 0]",-289.0
19,"[10, 20, 10]","[10, 20, 5]",-289.0
19,"[10, 20, 15]","[10, 20, 10]",-289.0
19,"[10, 20, 20]","[10, 20, 15]",-289.0
19,"[15, 0, 0]","[15, 0, 5]",1446.285235520974
19,"[15, 0, 5]","[15, 0, 0]",-289.0
19,"[15, 0, 10]","[15, 0, 5]",-289.0
19,"[15, 0, 15]","[15, 0, 10]",-289.0
19,"[15, 0, 20]","[15, 0, 15]",-289.0
19,"[15, 5, 0]","[15, 5, 5]",1446.285235520974
19,"[15, 5, 5]","[15, 5, 0]",-289.0
19,"[15, 5, 10]","[15, 5, 5]",-289.0
19,"[15, 5, 15]","[15, 5, 10]",-289.0
19,"[15, 5, 20]","[15, 5, 15]",-289.0
19,"[15, 10, 0]","[15, 10, 5]",1446.285235520974
19,"[15, 10, 5]","[15, 10, 0]",-289.0
19,"[15, 10, 10]","[15, 10, 5]",-289.0
19,"[15, 10, 15]","[15, 10, 10]",-289.0
19,"[15, 10, 20]","[15, 10, 15]",-289.0
19,"[15, 15, 0]","[15, 15, 5]",1446.285235520974
19,"[15, 15, 5]","[15, 15, 0]",-289.0
19,"[15, 15, 10]","[15, 15, 5]",-289.0
19,"[15, 15, 15]","[15, 15, 10]",-289.0
19,"[15, 15, 20]","[15, 15, 15]",-289.0
19,"[15, 20, 0]","[15, 20, 5]",1446.285235520974
19,"[15, 20, 5]","[15, 20, 0]",-289.0
19,"[15, 20, 10]","[15, 20, 5]",-289.0
19,"[15, 20, 15]","[15, 20, 10]",-289.0
19,"[15, 20, 20]","[15, 20, 15]",-289.0
19,"[20, 0, 0]","[20, 0, 5]",1446.285235520974
19,"[20, 0, 5]","[20, 0, 0]",-289.0
19,"[20, 0, 10]","[20, 0, 5]",-289.0
19,"[20, 0, 15]","[20, 0, 10]",-289.0
19,"[20, 0, 20]","[20, 0, 15]",-289.0
19,"[20, 5, 0]","[20, 5, 5]",1446.285235520974
19,"[20, 5, 5]","[20, 5, 0]",-289.0
19,"[20, 5, 10]","[20, 5, 5]",-289.0
19,"[20, 5, 15]","[20, 5, 10]",-289.0
19,"[20, 5, 20]","[20, 5, 15]",-289.0
19,"[20, 10, 0]","[20, 10, 5]",1446.285235520974
19,"[20, 10, 5]","[20, 10, 0]",-289.0
19,"[20, 10, 10]","[20, 10, 5]",-289.0
19,"[20, 10, 15]","[20, 10, 10]",-289.0
19,"[20, 10, 20]","[20, 10, 15]",-289.0
19,"[20, 15, 0]","[20, 15, 5]",1446.285235520974
19,"[20, 15, 5]","[20, 15, 0]",-289.0
19,"[20, 15, 10]","[20, 15, 5]",-289.0
19,"[20, 15, 15]","[20, 15, 10]",-289.0
19,"[20, 15, 20]","[20, 15, 15]",-289.0
19,"[20, 20, 0]","[20, 20, 5]",1446.285235520974
19,"[20, 20, 5]","[20, 20, 0]",-289.0
19,"[20, 20, 10]","[20, 20, 5]",-289.0
19,"[20, 20, 15]","[20, 20, 10]",-289.0
19,"[20, 20, 20]","[20, 20, 15]",-289.0
